time_s,Fx,Fy,Fz,Kx_lp,Ky_lp,Kz_lp
0.0,0.005599999999999966,0.010345454545454519,0.00721818181818179,211.90511949666075,207.07804444373346,202.87985595744206
0.005426645278930664,0.0025999999999999635,0.000654545454545491,0.0007818181818182168,210.93015611228284,206.84190915902062,202.82818614443562
0.009645700454711914,0.011400000000000021,0.0046545454545454945,0.022781818181818236,209.99038908339926,206.6200140936799,202.79000608134874
0.015009164810180664,0.00940000000000002,0.016345454545454524,0.01678181818181823,209.09644190765687,206.4146724677498,202.7641429902017
0.020109176635742188,0.0004000000000000392,0.0013454545454545108,0.037781818181818194,208.2574433787259,206.22810218207263,202.74912764489355
0.025031089782714844,0.0004000000000000392,0.021654545454545482,0.0027818181818182186,207.48073432681585,206.06237668893965,202.74320854199618
0.02969217300415039,0.0015999999999999626,0.006654545454545496,0.03121818181818181,206.77162396381505,205.91936775274618,202.74437214541226
0.03451800346374512,0.015400000000000025,0.006654545454545496,0.005781818181818221,206.13320742859023,205.80068031101698,202.75036972223486
0.039726972579956055,0.002400000000000041,0.013654545454545475,0.006781818181818222,205.56625518202495,205.7075802467566,202.75875086491303
0.0451204776763916,0.0004000000000000392,0.008345454545454517,0.021781818181818235,205.06918257035747,205.64091653922424,202.76690316916458
0.049658775329589844,0.008400000000000019,0.00034545454545450993,0.004218181818181788,204.6342999943995,205.5276772486776,202.74630791827693
0.055150747299194336,0.012400000000000022,0.015654545454545477,0.026781818181818184,204.23670538432722,205.00400528521845,202.56634155705083
0.05957913398742676,0.0064000000000000445,0.0033454545454545126,0.022218181818181804,203.89082174393494,204.50104980936715,202.37606514094836
0.06592392921447754,0.004599999999999965,0.000654545454545491,0.038781818181818195,203.60301490987143,204.01404499407,202.16793711798587
0.06988072395324707,0.00959999999999997,0.0106545454545455,0.004218181818181788,203.28239519805555,203.60787441264765,201.90905178030854
0.0747675895690918,0.004599999999999965,0.0033454545454545126,0.014218181818181796,202.97497153029767,203.2287524290609,201.63975002199766
0.07950592041015625,0.028400000000000036,0.009345454545454518,0.011218181818181794,202.67172763310737,202.87541086708427,201.3593426545851
0.0847940444946289,0.00140000000000004,0.0193454545454545,0.03478181818181819,202.31975443411113,202.5292155738406,201.0765070728087
0.08983182907104492,0.00940000000000002,0.0046545454545454945,0.03221818181818181,201.86344541623066,202.16992576746944,200.80102650481584
0.09453511238098145,0.0064000000000000445,0.0116545454545455,0.03821818181818182,201.3792587008208,201.82745816980704,200.51644264995966
0.09964156150817871,0.03359999999999996,0.0203454545454545,0.012781818181818227,201.46371498617412,201.3920134550235,200.3342660521316
0.10510849952697754,0.0005999999999999617,0.007654545454545497,0.0032181818181817867,201.61625759493032,200.95003738644888,200.16491855086548
0.10982370376586914,0.005400000000000044,0.013654545454545475,0.0182181818181818,201.81253253113027,200.5030091653443,200.0085038422215
0.11484336853027344,0.015400000000000025,0.0033454545454545126,0.009781818181818225,202.05430853943707,200.04781469518375,199.8703184773215
0.12089157104492188,0.003400000000000042,0.0013454545454545108,0.05821818181818178,202.3224654976471,199.58449498288516,199.7460669152297
0.12598180770874023,0.0004000000000000392,0.013654545454545475,0.0052181818181817885,202.6097662889326,199.11172366370909,199.63899859002606
0.12958383560180664,0.026599999999999957,0.015345454545454523,0.0027818181818182186,202.90675479912605,198.62880945689778,199.5524342161799
0.13457536697387695,0.01059999999999997,0.007654545454545497,0.010781818181818226,203.20199014161417,198.1356947628447,199.48974110452428
0.13977432250976562,0.016400000000000026,0.0106545454545455,0.021218181818181803,203.48237545747864,197.6329369100543,199.45429704517278
0.1452643871307373,0.0064000000000000445,0.007654545454545497,0.0007818181818182168,203.73357292848124,197.1216742913245,199.5898818789102
0.14977741241455078,0.0005999999999999617,0.014654545454545476,0.042218181818181766,203.94049174872185,196.60357980522744,200.16361413836444
0.1547987461090088,0.004599999999999965,0.0016545454545454918,0.0037818181818182195,204.21028850715754,196.35784864728225,200.6742237525515
0.15976333618164062,0.017599999999999977,0.013654545454545475,0.008781818181818224,204.87381498821128,197.16934402987778,200.8939046340831
0.1651298999786377,0.006599999999999967,0.0023454545454545117,0.0007818181818182168,205.50422594849317,198.10693029932335,201.0801737467797
0.16927433013916016,0.004400000000000043,0.0016545454545454918,0.024781818181818183,206.08823222199823,199.1719300038907,201.22628230080912
0.17515158653259277,0.005400000000000044,0.015345454545454523,0.011218181818181794,206.6134268822985,200.36323763485024,201.32601556177184
0.17941617965698242,0.014599999999999974,0.006654545454545496,0.007781818181818223,207.06870016716118,201.67713440525358,201.3739020545951
0.18543362617492676,0.01959999999999998,0.008345454545454517,0.0052181818181817885,207.44459873772814,203.10715663066944,201.36540884828858
0.18984222412109375,0.0005999999999999617,0.000654545454545491,0.018781818181818233,207.73361826131577,204.64402345653454,201.29711650264142
0.1946570873260498,0.007599999999999968,0.026345454545454505,0.00721818181818179,207.92044192967072,206.0831880466792,201.09921941931734
0.19959139823913574,0.0064000000000000445,0.010345454545454519,0.00021818181818178406,208.11755735466295,206.66146553275647,200.48753874558892
0.2046065330505371,0.00940000000000002,0.016654545454545477,0.008218181818181791,208.26730593907286,207.22122895091795,199.77842848515672
0.2096545696258545,0.00959999999999997,0.008654545454545498,0.022218181818181804,208.32358820499428,207.77389591681091,198.9916202903654
0.2149653434753418,0.013599999999999973,0.009345454545454518,0.020218181818181802,208.2891869125622,208.30873945427652,198.1350467024307
0.21983742713928223,0.008400000000000019,0.008345454545454517,0.00721818181818179,208.16902791722066,208.81426488032758,197.21848167164526
0.2243969440460205,0.0064000000000000445,0.01134545454545452,0.038781818181818195,207.96997516702177,209.27849404127468,196.25341251049238
0.22953009605407715,0.011599999999999971,0.008654545454545498,0.0027818181818182186,207.70057462339764,209.68928329540208,195.2528606567786
0.23431181907653809,0.015400000000000025,0.0213454545454545,0.021781818181818235,208.02808995239153,210.01795765353737,194.4224079548849
0.2393198013305664,0.014400000000000024,0.006345454545454515,0.024781818181818183,209.44256515813527,210.1342403046961,193.88259440845962
0.2443866729736328,0.007599999999999968,0.000654545454545491,0.0162181818181818,210.78923981965826,210.1919430559963,194.0543834009733
0.2499682903289795,0.017400000000000027,0.0016545454545454918,0.007781818181818223,212.04133542860768,210.18901269363263,194.28506387622758
0.2545464038848877,0.008599999999999969,0.0033454545454545126,0.030781818181818188,213.17331872980674,210.1238747870555,194.56997988395636
0.25951457023620605,0.0015999999999999626,0.027654545454545487,0.04921818181818177,214.14230207823204,209.98808591361887,194.90764724510706
0.26488709449768066,0.018599999999999978,0.0203454545454545,0.017781818181818232,214.9682098113543,209.79699920087796,195.28362559042972
0.26980018615722656,0.004599999999999965,0.005345454545454514,0.001218181818181785,215.6347282392218,209.55150101957778,195.69094027161862
0.27449512481689453,0.023400000000000032,0.0033454545454545126,0.010781818181818226,216.10586127571753,209.2442543319214,196.1269080308796
0.27936697006225586,0.01059999999999997,0.01765454545454548,0.024781818181818183,216.37086409749256,208.87689510503364,196.58415375118366
0.2856440544128418,0.02259999999999998,0.0036545454545454936,0.013781818181818228,216.43610155640386,208.45684723102275,197.0524294098193
0.28955650329589844,0.006599999999999967,0.0016545454545454918,0.0457818181818182,216.3032046948016,207.98890453136062,197.52320142940246
0.29450058937072754,0.015599999999999975,0.02065454545454548,0.013218181818181796,215.97829169010618,207.47880025713198,197.9878743267087
0.2997260093688965,0.012400000000000022,0.026345454545454505,0.014218181818181796,215.47175714110338,206.93317833808075,198.4379123868343
0.3053727149963379,0.0064000000000000445,0.0036545454545454936,0.0052181818181817885,214.79795112403593,206.3595449536873,198.8649603479791
0.30971789360046387,0.036599999999999966,0.009345454545454518,0.017781818181818232,213.9747640697194,205.76619766537638,199.26096309912612
0.3144094944000244,0.005400000000000044,0.009345454545454518,0.0052181818181817885,213.02313467135323,205.16212971319035,199.6182845521677
0.319857120513916,0.02259999999999998,0.000654545454545491,0.009218181818181792,211.96649771312758,204.55690781782042,199.92982592488153
0.32425475120544434,0.0064000000000000445,0.0106545454545455,0.0017818181818182177,210.83018780366334,203.96052288998655,200.18914360367773
0.3294870853424072,0.011599999999999971,0.005345454545454514,0.011218181818181794,209.64081415289837,203.38321445093874,200.3905664566963
0.3345527648925781,0.003400000000000042,0.0016545454545454918,0.009781818181818225,208.4256209997588,202.8352713916173,200.52931184435005
0.3398306369781494,0.0064000000000000445,0.009654545454545499,0.020218181818181802,207.21184812868012,202.3268139642315,200.60159859876902
0.3447105884552002,0.0035999999999999643,0.0026545454545454927,0.020781818181818235,206.02610599774644,201.86756437317445,200.60475403071425
0.34966397285461426,0.013400000000000023,0.000654545454545491,0.0417818181818182,204.89377996680705,201.46661538421728,200.53731082515338
0.35440826416015625,0.018599999999999978,0.0033454545454545126,0.020781818181818235,203.83847741956487,201.13220718925345,200.3990887846999
0.35993051528930664,0.0025999999999999635,0.013654545454545475,0.0192181818181818,202.88152994812287,200.87152195034625,200.19125592406252
0.36543798446655273,0.016599999999999976,0.0033454545454545126,0.001218181818181785,202.04156050873735,200.69050339221363,199.9163634016627
0.3697974681854248,0.013400000000000023,0.000654545454545491,0.0027818181818182186,201.33412318484548,200.59370636001492,199.57834920058943
0.3743109703063965,0.00140000000000004,0.006654545454545496,0.03021818181818181,200.77142139865816,200.58417909437986,199.7977933706267
0.37961626052856445,0.0025999999999999635,0.006345454545454515,0.005781818181818221,200.3621092432059,200.6633793503713,200.37043740681625
0.38509345054626465,0.02040000000000003,0.006345454545454515,0.0162181818181818,200.1111798572551,200.8311243257548,200.88312366369973
0.38952016830444336,0.002400000000000041,0.0213454545454545,0.009218181818181792,202.0174433120695,200.7281932965468,201.69521990587356
0.3947153091430664,0.004400000000000043,0.014654545454545476,0.0032181818181817867,203.93571817913175,199.95554063110777,202.15238044627384
0.3995978832244873,0.016599999999999976,0.0043454545454545135,0.027218181818181808,203.80609206311647,200.04279351208052,202.60760726164352
0.40610814094543457,0.004599999999999965,0.010345454545454519,0.024781818181818183,203.62234946925676,200.30070258522474,203.00192399520145
0.41050171852111816,0.002400000000000041,0.028345454545454507,0.0052181818181817885,203.4269864619763,200.72940419238859,203.32223172901524
0.41500186920166016,0.007400000000000045,0.010345454545454519,0.020781818181818235,203.22490853219782,201.31120564656405,203.56445306803383
0.4198157787322998,0.0035999999999999643,0.0023454545454545117,0.008781818181818224,203.0211363696959,202.02567990505023,203.7258769150872
0.4254159927368164,0.003400000000000042,0.015654545454545477,0.0037818181818182195,202.82058630154302,202.85021501807137,203.80521370971493
0.4304790496826172,0.01059999999999997,0.01134545454545452,0.022781818181818236,202.62785400539406,203.7605899457436,203.8026241224308
0.4343254566192627,0.0015999999999999626,0.01965454545454548,0.0052181818181817885,202.4470128060998,204.73156107253158,203.7197193720102
0.43979859352111816,0.0004000000000000392,0.0106545454545455,0.03921818181818176,202.28143685150147,205.7374451501898,203.55953200197717
0.4450712203979492,0.007400000000000045,0.009345454545454518,0.007781818181818223,202.13365759299572,206.75268605824348,203.32645666973238
0.44985365867614746,0.0035999999999999643,0.0116545454545455,0.04721818181818177,202.00525973151053,207.75239437418728,203.0261612541477
0.4548168182373047,0.0035999999999999643,0.0116545454545455,0.0182181818181818,201.8968204345571,208.71285010898708,202.66546936606153
0.45966386795043945,0.015599999999999975,0.0106545454545455,0.027781818181818185,201.80789323463907,209.61196009494813,202.2522161351343
0.46475958824157715,0.004400000000000043,0.010345454545454519,0.020218181818181802,201.7370355090214,210.42966252309253,201.79507992239758
0.4696218967437744,0.005599999999999966,0.0016545454545454918,0.00478181818181822,201.681875797728,211.14827209371362,201.30339337197606
0.4752073287963867,0.008599999999999969,0.00034545454545450993,0.024218181818181805,201.63921469468423,211.75276019248318,200.78693802348116
0.47995543479919434,0.013400000000000023,0.008654545454545498,0.012781818181818227,201.6051513296814,212.23096554283774,200.25572763702715
0.48465442657470703,0.005599999999999966,0.006345454545454515,0.0172181818181818,201.5752273406796,212.57373214051617,199.71978641533372
0.48945021629333496,0.02959999999999996,0.0016545454545454918,0.002218181818181786,201.54458178508457,212.7749730761985,199.18892917809836
0.49468207359313965,0.00940000000000002,0.005654545454545495,0.008218181818181791,201.5081126772681,212.83166095308576,198.6725508162352
0.500042200088501,0.011599999999999971,0.008654545454545498,0.0172181818181818,201.46064261004432,212.74374773628074,199.23546919077515
0.5054447650909424,0.007599999999999968,0.03334545454545451,0.005781818181818221,201.39708679115665,212.5140188433508,199.91035225378266
0.509798526763916,0.011599999999999971,0.0023454545454545117,0.008218181818181791,201.31262191693492,212.14788799103482,200.60502672311367
0.5149374008178711,0.006599999999999967,0.028345454545454507,0.00721818181818179,201.20285368213,211.6531406483993,201.31096778356877
0.5200119018554688,0.005400000000000044,0.0046545454545454945,0.019781818181818234,201.06397938236563,211.03963488829774,202.01973168353567
0.5257728099822998,0.008599999999999969,0.009654545454545499,0.00478181818181822,200.89294019415803,210.31896910241755,202.72313992001472
0.5301611423492432,0.011400000000000021,0.00034545454545450993,0.00021818181818178406,200.68755576241648,209.5041265841587,203.41345633621285
0.5351457595825195,0.027400000000000035,0.012654545454545502,0.014218181818181796,200.4466323296961,208.60910731059377,204.0835537775884
0.5397682189941406,0.011599999999999971,0.0016545454545454918,0.010781818181818226,200.1700354859708,207.6485571112471,204.72706707956615
0.5453834533691406,0.004599999999999965,0.0023454545454545117,0.05821818181818178,199.85872001584914,206.63740366818297,205.33852925686634
0.5500307083129883,0.0025999999999999635,0.006345454545454515,0.0032181818181817867,199.51471196162208,205.59050764838767,205.9134879235921
0.5555086135864258,0.003400000000000042,0.026345454545454505,0.012781818181818227,199.1410412864566,204.52233608924135,206.44859930445725
0.5594103336334229,0.004400000000000043,0.0023454545454545117,0.015218181818181797,198.74162696103787,203.44666419556725,206.94169774702016
0.5658812522888184,0.00940000000000002,0.014654545454545476,0.039781818181818196,198.32111964783203,202.37631099902273,207.39183932492887
0.5700898170471191,0.013400000000000023,0.006345454545454515,0.007781818181818223,197.8847100424591,201.32291370379752,207.79931878600186
0.5746760368347168,0.014599999999999974,0.008345454545454517,0.029781818181818187,197.8340277967819,201.19290482942122,207.91197333054575
0.579704761505127,0.0004000000000000392,0.013654545454545475,0.0052181818181817885,198.28953401387483,202.25489334144703,207.65896323991217
0.5856223106384277,0.008599999999999969,0.013345454545454521,0.006781818181818222,198.71086718437843,203.28118283588785,207.39370408529612
0.5896878242492676,0.0025999999999999635,0.000654545454545491,0.0032181818181817867,199.09744053498093,204.26444276261304,207.12472745129188
0.5949046611785889,0.002400000000000041,0.0043454545454545135,0.025781818181818184,199.44947569201074,205.19884988396615,206.86060599095674
0.5996718406677246,0.00140000000000004,0.0213454545454545,0.020218181818181802,199.76782139528447,206.08015745864265,206.60981179151736
0.6048455238342285,0.004599999999999965,0.008345454545454517,0.03821818181818182,200.05376065274217,206.90571589549197,206.38057792435808
0.6096088886260986,0.002400000000000041,0.010345454545454519,0.021218181818181803,200.3088128988827,207.6744448329946,206.18076345199023
0.6152417659759521,0.011400000000000021,0.014345454545454522,0.01578181818181823,200.5345377536977,208.38675839233306,206.0177219017735
0.6196465492248535,0.005400000000000044,0.005654545454545495,0.027218181818181808,200.73234723778702,209.04444700590997,205.89817330604015
0.6248652935028076,0.002400000000000041,0.01134545454545452,0.001218181818181785,200.9033337239552,209.65052067112865,205.82808030287737
0.6301510334014893,0.007400000000000045,0.015654545454545477,0.001218181818181785,201.048121351065,210.2090196854483,205.81252936751045
0.63442063331604,0.0004000000000000392,0.0026545454545454927,0.0437818181818182,201.16674886861958,210.72479986301616,205.855618887046
0.6395153999328613,0.004400000000000043,0.0043454545454545135,0.0032181818181817867,201.25859150438197,211.20329990176756,205.9603563992155
0.6449310779571533,0.023599999999999954,0.006654545454545496,0.00721818181818179,201.32232792173352,211.65029894629754,206.12856778255326
0.6497550010681152,0.003400000000000042,0.007345454545454516,0.0052181818181817885,201.3559554895016,212.07167245967517,206.36082143139515
0.6543798446655273,0.025599999999999956,0.009345454545454518,0.014218181818181796,201.3568534834288,212.47315425577654,206.65637043870285
0.6597957611083984,0.017400000000000027,0.0046545454545454945,0.013218181818181796,201.32189041873383,212.86011192446037,207.01311552520707
0.6658430099487305,0.02259999999999998,0.0023454545454545117,0.0037818181818182195,201.247569082531,213.23734190959166,207.42759089683793
0.669677734375,0.007400000000000045,0.0106545454545455,0.011218181818181794,201.13020102111687,213.60888927880987,207.8949744577495
0.6753299236297607,0.0025999999999999635,0.0033454545454545126,0.001218181818181785,200.9661010911162,213.97789597970092,208.40912302026229
0.6800565719604492,0.01059999999999997,0.025345454545454504,0.021781818181818235,200.75179222673194,214.3464803676303,208.9626325251905
0.6859667301177979,0.011400000000000021,0.0023454545454545117,0.009218181818181792,200.48421085916473,214.71565012921752,209.54692290881945
0.6910755634307861,0.017599999999999977,0.005345454545454514,0.001218181818181785,200.16090428298514,215.0852502890119,210.1523470812829
0.694572925567627,0.0035999999999999643,0.00034545454545450993,0.019781818181818234,199.78021239498625,215.4539475365637,210.76832341204923
0.699298620223999,0.003400000000000042,0.000654545454545491,0.023781818181818182,199.3414274315527,215.819251484089,211.38349106116215
0.7068133354187012,0.006599999999999967,0.014345454545454522,0.00721818181818179,198.84492655926803,216.1775726321112,211.98588736413365
0.7105045318603516,0.006599999999999967,0.0023454545454545117,0.011218181818181794,198.29227341581836,216.52431582534675,212.56314618034347
0.7150661945343018,0.014400000000000024,0.007654545454545497,0.02821818181818181,197.68628582513563,216.85400688591884,213.1027155622035
0.7195127010345459,0.00140000000000004,0.007345454545454516,0.0182181818181818,197.03106770557048,217.16044897451766,213.5920922299386
0.7249212265014648,0.0004000000000000392,0.007345454545454516,0.017781818181818232,196.3320035584423,217.43690408847476,214.01906913260697
0.7302863597869873,0.0015999999999999626,0.008345454545454517,0.0007818181818182168,196.05069536829012,217.59489155969914,214.4555701185094
0.7345237731933594,0.016599999999999976,0.015654545454545477,0.005781818181818221,196.86569951407694,217.5071941192558,215.0139701661632
0.7397079467773438,0.0015999999999999626,0.025654545454545485,0.010218181818181793,197.68862525402503,217.3630021404025,215.48293015842887
0.7458136081695557,0.0005999999999999617,0.01234545454545452,0.022781818181818236,198.5161898292675,217.15782960069498,215.8515803568261
0.7496318817138672,0.00140000000000004,0.006345454545454515,0.030781818181818188,199.34456394708687,216.8879252235544,216.11033876515705
0.7545862197875977,0.013599999999999973,0.014345454545454522,0.0162181818181818,200.1694206595171,216.55041528360297,216.25114728704918
0.7594335079193115,0.004599999999999965,0.017345454545454525,0.006218181818181789,200.98599363060092,216.14341919815507,216.26767831096808
0.7653326988220215,0.015599999999999975,0.0026545454545454927,0.0192181818181818,201.78914291908782,215.66613486973975,216.15550494251457
0.7702052593231201,0.00140000000000004,0.01865454545454548,0.009781818181818225,202.57342629763338,215.11889197848404,215.91222932922506
0.7755546569824219,0.0035999999999999643,0.0023454545454545117,0.006218181818181789,203.33317412410506,214.50317269057095,215.53756487027044
0.7797331809997559,0.005599999999999966,0.013345454545454521,0.0182181818181818,204.06256609540029,213.82160046692525,215.0333696255307
0.7847685813903809,0.006599999999999967,0.016654545454545477,0.011218181818181794,204.75570891923076,213.07789870642586,214.40362993873504
0.7896900177001953,0.02040000000000003,0.000654545454545491,0.0162181818181818,205.40671476014506,212.2768217574823,213.65439504439175
0.7948329448699951,0.013400000000000023,0.01134545454545452,0.0007818181818182168,206.00978087874086,211.42406141090024,212.79366512386943
0.7996835708618164,0.018599999999999978,0.0213454545454545,0.012218181818181795,206.55927103332613,210.52613249099414,211.8312369302022
0.8046071529388428,0.0035999999999999643,0.0203454545454545,0.049781818181818205,207.04979904014485,209.59024171705266,210.7785127384987
0.8095753192901611,0.0064000000000000445,0.017345454545454525,0.014218181818181796,207.4763145847697,208.6241445592091,209.64827979327427
0.8147571086883545,0.004599999999999965,0.007654545454545497,0.02821818181818181,207.83419113567098,207.63599516004285,208.4544682217246
0.8208858966827393,0.004599999999999965,0.0023454545454545117,0.00478181818181822,208.01207156666527,206.59293389159694,207.2337715511702
0.8250632286071777,0.007599999999999968,0.007654545454545497,0.006218181818181789,208.04670679959202,205.5189485403492,205.99342018102112
0.8316032886505127,0.018400000000000027,0.00034545454545450993,0.018781818181818233,208.01113956038176,204.4516777745376,204.7337472785776
0.8345632553100586,0.014599999999999974,0.008345454545454517,0.026218181818181807,207.90477285740488,203.39995100970012,203.4703756586712
0.8397552967071533,0.007599999999999968,0.014654545454545476,0.009781818181818225,207.72785385760315,202.3722941402271,202.21879572314637
0.8452756404876709,0.003400000000000042,0.008345454545454517,0.0192181818181818,207.48154352840683,201.3768233787377,200.99413380319385
0.8494279384613037,0.00959999999999997,0.00034545454545450993,0.027781818181818185,207.1679771085963,200.4211556184932,199.84287139218867
0.8550386428833008,0.0035999999999999643,0.0033454545454545126,0.0192181818181818,206.79031093475817,199.5123350179451,201.25603411984508
0.8604331016540527,0.024599999999999955,0.0203454545454545,0.036218181818181816,206.3527513418116,198.65677463353046,202.56954890277643
0.8654108047485352,0.0025999999999999635,0.015654545454545477,0.0007818181818182168,205.86056215034125,197.86021124396822,203.76955462874056
0.8697052001953125,0.007400000000000045,0.015345454545454523,0.011781818181818227,205.32004833087035,197.12767112522985,204.84381457659765
0.8744640350341797,0.006599999999999967,0.013654545454545475,0.005781818181818221,204.73851452308557,196.46344454042378,205.7818953165174
0.8796749114990234,0.00140000000000004,0.027654545454545487,0.011218181818181794,204.46053083310488,196.63197749523007,206.35992129175287
0.8854086399078369,0.012400000000000022,0.0106545454545455,0.01478181818181823,204.31356912626876,197.22517657121568,206.68780759942914
0.8898301124572754,0.00140000000000004,0.017345454545454525,0.0427818181818182,204.09992836192546,197.7755809243336,206.89423454191666
0.8946185111999512,0.017599999999999977,0.008345454545454517,0.0027818181818182186,203.82646181251806,198.27639710783458,206.97949577429918
0.8996086120605469,0.026400000000000035,0.0036545454545454936,0.01478181818181823,203.50106028934826,198.7214203136408,206.94576355241577
0.9044060707092285,0.017599999999999977,0.006345454545454515,0.014218181818181796,203.1325386779675,199.10516829281738,206.79703987320443
0.9097394943237305,0.00140000000000004,0.009654545454545499,0.0032181818181817867,202.73050498359376,199.42300581089864,206.53907333955698
0.9144046306610107,0.007599999999999968,0.007654545454545497,0.00021818181818178406,202.30521348971544,199.67125560388294,206.17924332309508
0.9194529056549072,0.01959999999999998,0.009654545454545499,0.0172181818181818,201.86740355348513,199.84729290376404,205.72641355731372
0.9243440628051758,0.015599999999999975,0.01865454545454548,0.010781818181818226,201.42812549777557,199.94962184279478,205.1907577692948
0.9297764301300049,0.014599999999999974,0.01134545454545452,0.014218181818181796,200.99855510033885,199.9779331992497,204.58356044705687
0.9346966743469238,0.02140000000000003,0.008654545454545498,0.013218181818181796,200.589798343366,199.93314384476656,203.9169963110237
0.939751386642456,0.008400000000000019,0.0023454545454545117,0.015218181818181797,200.21268835261202,199.8174187361446,203.20389240777203
0.9448897838592529,0.0015999999999999626,0.0193454545454545,0.020218181818181802,199.74821275212767,199.58440548499652,202.48386524484232
0.949655294418335,0.0064000000000000445,0.01765454545454548,0.025781818181818184,199.26285154961394,199.2606263273612,201.75869328307286
0.9548757076263428,0.003400000000000042,0.005345454545454514,0.006781818181818222,198.8321602529272,198.877658741457,201.02799548446836
0.9596178531646729,0.00959999999999997,0.005345454545454514,0.00721818181818179,198.46540153009872,198.44317453098824,200.30429869373165
0.9653530120849609,0.014599999999999974,0.013654545454545475,0.001218181818181785,198.17053161412414,197.96595702106012,199.5994824598054
0.9697983264923096,0.024400000000000033,0.014345454545454522,0.022218181818181804,197.95400841265567,197.45581736679085,199.3058036514794
0.9743776321411133,0.008400000000000019,0.006345454545454515,0.023218181818181804,197.94080053396397,197.19537757116268,200.36297133217917
0.9795234203338623,0.003400000000000042,0.008654545454545498,0.004218181818181788,198.33760549884968,197.65704646147375,201.21397141542852
0.9849534034729004,0.00140000000000004,0.008345454545454517,0.029781818181818187,198.82442514220588,198.1266250299934,202.05129478414028
0.9893059730529785,0.008599999999999969,0.0036545454545454936,0.008781818181818224,199.39229140374144,198.59853237968963,202.8677800333005
0.9946877956390381,0.01059999999999997,0.009345454545454518,0.00478181818181822,200.03015445317342,199.06728609024364,203.657280546118
0.9995379447937012,0.005400000000000044,0.0026545454545454927,0.03021818181818181,200.7250258409163,199.5275560002018,204.41471576913384
1.0050075054168701,0.004599999999999965,0.008654545454545498,0.04621818181818177,201.4621757371261,199.9742110029252,205.13608882558026
1.0107183456420898,0.0015999999999999626,0.0116545454545455,0.004218181818181788,202.22538265711236,200.40235579176118,205.81846947907889
1.0148024559020996,0.005599999999999966,0.03065454545454549,0.024218181818181805,202.99723275335748,200.80735527570022,206.4599434566698
1.0196707248687744,0.011400000000000021,0.008654545454545498,0.023218181818181804,203.75946423905273,201.18484511360188,207.05953098445747
1.026656150817871,0.005599999999999966,0.0116545454545455,0.0007818181818182168,204.49335082674088,201.53072742098692,207.61707895270976
1.0295603275299072,0.0005999999999999617,0.008345454545454517,0.0007818181818182168,205.18011644688428,201.8411512578796,208.13313233417568
1.03550124168396,0.008400000000000019,0.0013454545454545108,0.013781818181818228,205.80137229265353,202.11247812423417,208.6087912416223
1.0401136875152588,0.005599999999999966,0.0013454545454545108,0.0032181818181817867,206.33956659301282,202.34123343446993,209.0455602919591
1.0458769798278809,0.0015999999999999626,0.0116545454545455,0.007781818181818223,206.77843729140542,202.52404577379093,209.44519681142134
1.0497140884399414,0.008599999999999969,0.006345454545454515,0.025218181818181806,207.10345771284864,202.65757656819184,209.80956398531794
1.055009126663208,0.005400000000000044,0.000654545454545491,0.00721818181818179,207.30226521607048,202.7384435807901,210.14049440942878
1.059807300567627,0.012599999999999972,0.0026545454545454927,0.00478181818181822,207.3650628309016,202.76314238951923,210.43966867023002
1.0648603439331055,0.0004000000000000392,0.007654545454545497,0.0032181818181817867,207.28498406674126,202.72797072905783,210.7085125811228
1.0695827007293701,0.0004000000000000392,0.027654545454545487,0.01578181818181823,207.05841142339185,202.6289612894618,210.94811555556038
1.0743074417114258,0.004599999999999965,0.009654545454545499,0.020218181818181802,206.685239580673,202.46182917282982,211.15917137211224
1.0794670581817627,0.01059999999999997,0.014654545454545476,0.008218181818181791,206.16907483049306,202.22194049445437,211.34194143195285
1.0853185653686523,0.008400000000000019,0.005654545454545495,0.001218181818181785,205.5173632166542,201.9043082897914,211.4962397351454
1.0896775722503662,0.008599999999999969,0.026345454545454505,0.020218181818181802,205.2894553818868,202.56227282993888,211.19150606138135
1.094458818435669,0.005599999999999966,0.009654545454545499,0.0052181818181817885,205.19226456126626,203.30234741034002,210.54111177832792
1.0998895168304443,0.00959999999999997,0.0026545454545454927,0.012781818181818227,205.05867957866195,204.15463663944192,209.86188370076871
1.1051740646362305,0.004599999999999965,0.006345454545454515,0.01478181818181823,204.90471976041513,205.1126044974253,209.16227479793383
1.1099669933319092,0.0005999999999999617,0.025345454545454504,0.014218181818181796,204.7490872555449,206.16713372657978,208.45027729515
1.1152217388153076,0.01040000000000002,0.007345454545454516,0.027781818181818185,204.6128875667399,207.30638829965415,207.73326620745232
1.1201229095458984,0.002400000000000041,0.007345454545454516,0.012218181818181795,204.51929481270568,208.5156907634713,207.01784610804899
1.1252539157867432,0.00140000000000004,0.00034545454545450993,0.042218181818181766,204.4931710946159,209.77741687412285,206.30970354187443
1.1294894218444824,0.0025999999999999635,0.005654545454545495,0.013218181818181796,204.56064826362433,211.0709112232077,205.61346751510902
1.1346583366394043,0.012599999999999972,0.013345454545454521,0.0052181818181817885,204.7486788049245,212.37242901004086,204.93258049190845
1.1395328044891357,0.0035999999999999643,0.0026545454545454927,0.0182181818181818,204.85285328270064,213.56596455146692,204.3164473013343
1.1448523998260498,0.005599999999999966,0.016345454545454524,0.0007818181818182168,205.0075710553722,214.6464194876103,203.73786719343914
1.1493360996246338,0.0025999999999999635,0.006345454545454515,0.013218181818181796,205.32157154581165,214.81404402941163,202.88432107177042
1.1545798778533936,0.005599999999999966,0.0033454545454545126,0.011218181818181794,205.8613672264832,214.77797651414298,202.01452867552302
1.1597495079040527,0.0064000000000000445,0.012654545454545502,0.025218181818181806,206.65454415143864,214.53316828529574,201.13563482910644
1.1646931171417236,0.015599999999999975,0.0033454545454545126,0.012218181818181795,207.72638497751547,214.07901151426182,200.25576011412608
1.1697585582733154,0.012599999999999972,0.006654545454545496,0.013781818181818228,209.0992490833098,213.41971411409406,199.38406618391312
1.1745939254760742,0.00959999999999997,0.02065454545454548,0.03321818181818181,210.7919653464083,212.5646083066891,198.53079980222435
1.1799812316894531,0.0004000000000000392,0.006345454545454515,0.011781818181818227,208.60854525237255,213.87878928132437,198.04980729953496
1.1855969429016113,0.00140000000000004,0.0043454545454545135,0.005781818181818221,206.01906129017365,215.4510648607661,197.67209708081774
1.1901164054870605,0.013599999999999973,0.005654545454545495,0.026781818181818184,203.1817894901328,217.2215445480242,197.3986868253405
1.1947686672210693,0.03159999999999996,0.02065454545454548,0.0162181818181818,200.07885518572894,219.23102339249604,197.2454366702487
1.199707269668579,0.02259999999999998,0.02065454545454548,0.027781818181818185,196.69476945224662,221.52095067991593,197.22837847230608
1.2061481475830078,0.01040000000000002,0.0046545454545454945,0.0037818181818182195,193.01721081995194,224.13255544786492,197.36346934966332
1.210700273513794,0.004599999999999965,0.0036545454545454936,0.00478181818181822,189.03776771362055,227.10593327691709,197.66631407286562
1.2151930332183838,0.0015999999999999626,0.026654545454545486,0.035218181818181815,184.7526103108305,230.47911839672344,198.1518596231861
1.2206392288208008,0.005599999999999966,0.009654545454545499,0.0192181818181818,180.0670701599799,232.43615365569437,198.18338032947378
1.2250416278839111,0.004599999999999965,0.026654545454545486,0.004218181818181788,174.97204781457435,232.6995552741152,198.2430750979367
1.2298641204833984,0.01959999999999998,0.01765454545454548,0.03578181818181819,169.54469926377274,232.53742559938732,198.9439198696488
1.2358264923095703,0.00140000000000004,0.017345454545454525,0.020218181818181802,164.160452511341,231.74621103596874,199.4699754604453
1.2395985126495361,0.017400000000000027,0.02065454545454548,0.014218181818181796,159.53902943228098,229.9731531002118,199.59664309381773
1.245396375656128,0.01059999999999997,0.022654545454545483,0.03321818181818181,154.8119855411012,227.59389541424457,199.56902542189923
1.24965238571167,0.01059999999999997,0.00034545454545450993,0.014218181818181796,150.01259100832144,224.5844182999622,199.36922944699103
1.2546672821044922,0.01040000000000002,0.0043454545454545135,0.010218181818181793,145.1771139263919,220.92963212686453,198.98114447990199
1.2593388557434082,0.011599999999999971,0.018345454545454526,0.0037818181818182195,140.34397026445362,216.6246248352886,198.39085925479898
1.2653615474700928,0.016400000000000026,0.014654545454545476,0.015218181818181797,135.5527588346731,211.67577675850623,197.58706345700318
1.2698113918304443,0.007400000000000045,0.0013454545454545108,0.0182181818181818,130.8432114940244,206.10169775194896,196.56142620365463
1.2745256423950195,0.0004000000000000392,0.013654545454545475,0.013781818181818228,126.25409145434696,199.9339441644889,195.30894397435011
1.279585838317871,0.0025999999999999635,0.016654545454545477,0.0182181818181818,121.9000366823753,193.206611784762,193.86908922636388
1.2854070663452148,0.0035999999999999643,0.009345454545454518,0.009218181818181792,117.82012046324408,185.97745620858834,192.24732466251032
1.289764404296875,0.006599999999999967,0.0036545454545454936,0.012781818181818227,113.96132705517583,178.32990148322662,190.40721065318814
1.2945332527160645,0.004599999999999965,0.0033454545454545126,0.025781818181818184,110.34605252099375,170.3490804482691,188.3588079397055
1.2997078895568848,0.02859999999999996,0.0013454545454545108,0.0162181818181818,106.99065472214463,162.1322475760029,186.11655116624925
1.3052003383636475,0.011400000000000021,0.007345454545454516,0.025218181818181806,103.90474868616096,153.78762203786437,183.69927724954357
1.3094899654388428,0.00940000000000002,0.008654545454545498,0.008218181818181791,101.09065648023339,145.43291229838502,181.13017649311166
1.3144161701202393,0.004400000000000043,0.005654545454545495,0.00021818181818178406,98.54303488823751,137.19355012060961,178.4366644177638
1.319814920425415,0.00140000000000004,0.015345454545454523,0.023218181818181804,96.24870155989245,129.20067103902056,175.65017348419943
1.3247690200805664,0.0004000000000000392,0.0013454545454545108,0.004218181818181788,94.18667536027272,121.58888340776551,172.80586416753096
1.3294479846954346,0.004400000000000043,0.010345454545454519,0.023781818181818182,92.32843996882042,114.49387047394652,169.94225462575275
1.334366798400879,0.02140000000000003,0.0046545454545454945,0.007781818181818223,90.63843250317001,108.04987219245363,167.10076826194742
1.3396131992340088,0.0005999999999999617,0.000654545454545491,0.020218181818181802,89.07475157800509,102.38709703249599,164.32519937166524
1.3451085090637207,0.025599999999999956,0.013654545454545475,0.0037818181818182195,87.59007156536467,97.62911819998698,161.66109892770012
1.3497729301452637,0.0035999999999999643,0.021654545454545482,0.0007818181818182168,86.13274195117671,93.89031182915215,159.15508515863527
1.3545303344726562,0.014599999999999974,0.01765454545454548,0.005781818181818221,84.64804331994371,91.27339524330014,156.85408652021533
1.359870433807373,0.024599999999999955,0.018345454545454526,0.02821818181818181,83.07956545016158,89.86712099051952,154.8045276690421
1.3653430938720703,0.005599999999999966,0.017345454545454525,0.001218181818181785,81.3706685276903,89.74417804485509,153.05147207245545
1.3698561191558838,0.00959999999999997,0.0013454545454545108,0.024781818181818183,79.46598558247567,90.95934669718831,151.6377377222571
1.3745183944702148,0.0015999999999999626,0.012654545454545502,0.010218181818181793,77.31292311605324,93.5479488708378,150.60300453100444
1.379366159439087,0.007599999999999968,0.016654545454545477,0.052218181818181775,74.86311767838747,97.52463076537758,149.9829330164312
1.384446620941162,0.0004000000000000392,0.0036545454545454936,0.0182181818181818,72.07380861030262,102.88250954519877,149.80831408622927
1.3897478580474854,0.00140000000000004,0.0013454545454545108,0.009218181818181792,68.90909059580068,109.59270996440694,150.1042696997962
1.3946037292480469,0.0015999999999999626,0.0043454545454545135,0.04921818181818177,65.3410130819515,117.60431003889336,150.88952421660173
1.3997697830200195,0.02240000000000003,0.0046545454545454945,0.00721818181818179,62.14227135786447,126.70304728405884,152.3212138459184
1.4046440124511719,0.034599999999999964,0.00034545454545450993,0.013218181818181796,61.61904681973391,136.3811168136818,154.82885091147398
1.409759759902954,0.004400000000000043,0.014654545454545476,0.014218181818181796,60.695731530271644,147.07569358037125,157.84351770061988
1.4148781299591064,0.024599999999999955,0.0026545454545454927,0.001218181818181785,59.3415532996965,158.66292624707182,161.34553318978138
1.4200327396392822,0.0015999999999999626,0.014345454545454522,0.010781818181818226,57.534714742409705,171.0030498473626,165.30669837284992
1.4249241352081299,0.008400000000000019,0.013345454545454521,0.01678181818181823,55.26260859768067,183.94259116523213,169.69049200060743
1.4295930862426758,0.012599999999999972,0.016345454545454524,0.0052181818181817885,52.5217970738633,197.3168651894747,174.45246029817855
1.4346802234649658,0.007599999999999968,0.016654545454545477,0.0032181818181817867,49.31777139665607,210.95271236915963,179.54080454628115
1.4397883415222168,0.004599999999999965,0.015654545454545477,0.008218181818181791,45.664516842203426,224.6714182067051,184.89716385508956
1.4452755451202393,0.0015999999999999626,0.0106545454545455,0.0052181818181817885,41.58391439140061,238.29175128985395,190.4575823899257
1.4501681327819824,0.003400000000000042,0.013654545454545475,0.008781818181818224,37.1050133946693,251.63305226646142,196.15364094479972
1.4550654888153076,0.003400000000000042,0.006654545454545496,0.0032181818181817867,32.26321110760438,264.5183035164917,201.91372301366948
1.460336685180664,0.0004000000000000392,0.0023454545454545117,0.021218181818181803,27.099374581240454,276.7771082199498,207.66437682539487
1.4645626544952393,0.0005999999999999617,0.02065454545454548,0.02821818181818181,21.65893781965977,288.24850956604996,213.33172845042174
1.469494104385376,0.002400000000000041,0.006345454545454515,0.0172181818181818,15.991002572402266,298.7835864409456,218.8428980059408
1.474440097808838,0.011599999999999971,0.018345454545454526,0.001218181818181785,10.14746517153469,308.247770991612,224.1273721182087
1.4797708988189697,0.016599999999999976,0.0203454545454545,0.022781818181818236,4.182185075935223,316.52284547835245,229.11829131420433
1.4844317436218262,0.003400000000000042,0.022654545454545483,0.014218181818181796,-1.8497958493730096,323.5085890348513,233.75361935717604
1.4893527030944824,0.003400000000000042,0.0023454545454545117,0.007781818181818223,-7.892979759139905,329.124056966513,237.97717029443822
1.495011568069458,0.004400000000000043,0.0036545454545454936,0.015218181818181797,-13.892084993717162,333.3084847290643,241.73947655877294
1.5001089572906494,0.007400000000000045,0.0016545454545454918,0.03021818181818181,-19.79266551514982,336.02181607597004,244.99848753135456
1.5044851303100586,0.004599999999999965,0.0046545454545454945,0.025781818181818184,-25.541678635857096,337.24486123404137,247.72009283522203
1.5099682807922363,0.013400000000000023,0.009654545454545499,0.014218181818181796,-31.088000149479683,336.9790974139195,249.87846864910784
1.5148656368255615,0.01959999999999998,0.009654545454545499,0.0027818181818182186,-36.38288423655439,335.24613098304485,251.45624881641328
1.519482135772705,0.017599999999999977,0.008345454545454517,0.036218181818181816,-41.380366044070485,332.08684805614735,252.44452574395183
1.5245120525360107,0.008599999999999969,0.016345454545454524,0.009781818181818225,-46.03760834764677,327.5602868467423,252.8426891387647
1.5296096801757812,0.013599999999999973,0.006654545454545496,0.002218181818181786,-50.31519853263569,321.74226875724514,252.65811332974255
1.5345313549041748,0.011400000000000021,0.0036545454545454936,0.0032181818181817867,-54.17740580268995,314.7238246793203,251.90570602513122
1.5398728847503662,0.0025999999999999635,0.007345454545454516,0.036218181818181816,-57.592409823365415,306.60944949060604,250.60733289656366
1.5445945262908936,0.01040000000000002,0.00034545454545450993,0.0017818181818182177,-60.532511079654284,297.51521377378157,248.79113363095658
1.5496938228607178,0.005400000000000044,0.0016545454545454918,0.022218181818181804,-62.97433056921221,287.5667593007606,246.49074635369863
1.5543603897094727,0.008599999999999969,0.006654545454545496,0.0037818181818182195,-64.89900251234195,276.8972045054367,243.7444587850191
1.5597202777862549,0.013599999999999973,0.005654545454545495,0.020218181818181802,-61.37095470701962,264.7644804724822,241.49835853465413
1.5656955242156982,0.005599999999999966,0.024654545454545485,0.015218181818181797,-57.19765480941271,252.17194227067156,238.91246450605857
1.5696301460266113,0.014599999999999974,0.0013454545454545108,0.019781818181818234,-52.49058062550807,239.28281286767566,236.01223488086202
1.5744585990905762,0.00940000000000002,0.0033454545454545126,0.021218181818181803,-47.29773568551164,226.246834473162,232.83668164835456
1.5804080963134766,0.0004000000000000392,0.023654545454545484,0.0172181818181818,-41.67209101380007,213.21043307936034,229.42493331581096
1.585951328277588,0.012400000000000022,0.01865454545454548,0.022218181818181804,-35.67108665364307,200.31468466647956,225.81552253741188
1.5897057056427002,0.0005999999999999617,0.009345454545454518,0.042218181818181766,-29.35604043431843,187.6934460745505,222.04577223102473
1.594559907913208,0.0064000000000000445,0.017345454545454525,0.019781818181818234,-22.791457827806425,175.47168737976511,218.1512966213125
1.5998547077178955,0.0015999999999999626,0.00034545454545450993,0.00721818181818179,-16.044241777102258,163.7640521466183,214.16562642185258
1.6052324771881104,0.025599999999999956,0.000654545454545491,0.025218181818181806,-9.182807938092395,152.67366043867204,210.11996014790145
1.609689712524414,0.0035999999999999643,0.008345454545454517,0.00478181818181822,-2.2761177915963913,142.29115904412075,206.0430370066427
1.614877462387085,0.0004000000000000392,0.014654545454545476,0.010218181818181793,4.607352097750322,132.69401447248492,201.96112111681595
1.6192810535430908,0.0035999999999999643,0.0106545454545455,0.03321818181818181,11.400682586449392,123.94603672464409,197.89808199153475
1.6256113052368164,0.004400000000000043,0.0013454545454545108,0.024781818181818183,18.03960144160621,116.09711607648995,193.8755524416211
1.629652976989746,0.014599999999999974,0.02065454545454548,0.030781818181818188,24.463562067535577,109.1831521089747,189.91314263455774
1.6345441341400146,0.025599999999999956,0.009345454545454518,0.004218181818181788,30.616780383395906,103.22615468296908,186.02868833765802
1.6397347450256348,0.0025999999999999635,0.03534545454545451,0.024781818181818183,36.44919635781571,98.23450063255686,182.23851266583242
1.6450541019439697,0.023599999999999954,0.0106545454545455,0.041218181818181765,41.91732648032672,94.203336826396,178.55768380082128
1.6503632068634033,0.003400000000000042,0.00034545454545450993,0.0182181818181818,46.984975885163095,91.11512761109338,175.0002552155335
1.6545562744140625,0.004599999999999965,0.0013454545454545108,0.03221818181818181,51.62378410485451,88.94034931964208,171.57947853708967
1.659712791442871,0.01059999999999997,0.0106545454545455,0.006218181818181789,55.81358631384995,87.63833467734068,168.3079815435938
1.6652235984802246,0.01040000000000002,0.008654545454545498,0.024781818181818183,59.542581275916035,87.15826643388172,165.19790532761334
1.67032790184021,0.004400000000000043,0.021654545454545482,0.006218181818181789,62.80730634211113,87.440314561591,162.26099625542236
1.6743652820587158,0.0005999999999999617,0.0023454545454545117,0.00478181818181822,65.61242752510145,88.41690622976651,159.50865029766607
1.6797394752502441,0.017599999999999977,0.013345454545454521,0.012781818181818227,67.97035840975542,90.01411258801616,156.9519092122848
1.685124397277832,0.0035999999999999643,0.025654545454545485,0.009218181818181792,69.90072544430424,92.153130841818,154.60140959879288
1.6896889209747314,0.017599999999999977,0.008345454545454517,0.002218181818181786,71.42969928992846,94.75183406034273,152.46728724353687
1.6943707466125488,0.0005999999999999617,0.0026545454545454927,0.0162181818181818,72.58921289966827,97.72635491201488,150.55904090309127
1.6998064517974854,0.016400000000000026,0.008654545454545498,0.024218181818181805,73.41608750528158,100.99266397551209,148.8853618583109
1.7051405906677246,0.003400000000000042,0.0043454545454545135,0.0017818181818182177,73.95108836469026,104.46809991882536,147.45393787740738
1.709559440612793,0.00140000000000004,0.0036545454545454936,0.01678181818181823,74.23793326488311,108.07280918814727,146.27124212517003
1.7146811485290527,0.008599999999999969,0.010345454545454519,0.00021818181818178406,74.32227816317351,111.73105757317461,145.3423186685055
1.719290018081665,0.011400000000000021,0.01865454545454548,0.035218181818181815,74.25070555200294,115.3723844242456,144.6705765277899
1.7252388000488281,0.00959999999999997,0.0203454545454545,0.013781818181818228,74.06974182347302,118.93258046002455,144.25760391926383
1.7296836376190186,0.007599999999999968,0.02065454545454548,0.01578181818181823,73.82492973100065,122.35447959305822,144.10301346000617
1.734679937362671,0.015400000000000025,0.0026545454545454927,0.009218181818181792,73.55998050448909,125.58856205685106,144.20432734660696
1.7394089698791504,0.01040000000000002,0.0036545454545454936,0.006218181818181789,73.31602704165645,128.59336955642243,144.55690861155577
1.7450709342956543,0.011599999999999971,0.00034545454545450993,0.001218181818181785,73.57346778158266,131.25656920029124,145.23522207365104
1.749706745147705,0.0064000000000000445,0.01965454545454548,0.0032181818181817867,76.79212897300312,133.11934968422895,146.67587684106005
1.7553596496582031,0.012400000000000022,0.0193454545454545,0.006781818181818222,79.90977116821404,134.71966271018522,148.31120133009293
1.7594680786132812,0.0004000000000000392,0.013654545454545475,0.011218181818181794,82.92271746445002,136.05385870814533,150.12156117319117
1.7657084465026855,0.00940000000000002,0.0043454545454545135,0.03021818181818181,85.79955569266086,137.1287310655555,152.07195219231872
1.7699804306030273,0.030400000000000038,0.01234545454545452,0.006218181818181789,88.53903209660578,137.95276082803764,154.14242315182375
1.7753777503967285,0.015400000000000025,0.01234545454545452,0.0017818181818182177,91.13952496058037,138.5395479014449,156.31216320684663
1.7798020839691162,0.005599999999999966,0.006654545454545496,0.006218181818181789,93.59922812971926,138.90684540674417,158.55966169796852
1.7864620685577393,0.014400000000000024,0.013654545454545475,0.008218181818181791,95.91635104327922,139.07549819102354,160.86286810282039
1.7894432544708252,0.01959999999999998,0.0116545454545455,0.040218181818181764,98.08932577228123,139.0683128218763,163.19935368090003
1.7946717739105225,0.0025999999999999635,0.009345454545454518,0.009218181818181792,100.11701208988806,138.90888860094378,165.5464770192722
1.7999672889709473,0.01040000000000002,0.0013454545454545108,0.05621818181818178,101.99889144835754,138.6204411497817,167.88155562049934
1.8051142692565918,0.015400000000000025,0.0116545454545455,0.012218181818181795,103.7352404078903,138.22465195606355,170.18204506291022
1.8095622062683105,0.008599999999999969,0.005345454545454514,0.010218181818181793,105.32727430299299,137.74057887437803,172.4257264001709
1.8148231506347656,0.003400000000000042,0.013345454545454521,0.026781818181818184,106.77725313116957,137.1836638946117,174.5909015015689
1.8195648193359375,0.004599999999999965,0.015654545454545477,0.013781818181818228,108.0885434568998,136.56487520550678,176.65659482369597
1.8246128559112549,0.007599999999999968,0.007345454545454516,0.0182181818181818,109.26563176844526,135.89001966323264,178.60275841223438
1.8298306465148926,0.0035999999999999643,0.0033454545454545126,0.009781818181818225,110.31408575677398,135.15925780993334,180.41047487014862
1.8346736431121826,0.037400000000000044,0.007345454545454516,0.012218181818181795,111.24046081524864,134.3668462335244,182.062151376737
1.8398141860961914,0.00940000000000002,0.006654545454545496,0.011781818181818227,112.05215072380525,133.5011228000346,183.54169774496734
1.8449621200561523,0.01059999999999997,0.0046545454545454945,0.005781818181818221,112.75718461272288,132.54474107563794,184.83468345179892
1.8497741222381592,0.02040000000000003,0.01865454545454548,0.002218181818181786,113.36397634503008,131.4751518162862,185.92847173123147
1.8544394969940186,0.0035999999999999643,0.006345454545454515,0.0182181818181818,114.14364185120537,130.2183375213515,186.86057182086233
1.8593041896820068,0.005599999999999966,0.013654545454545475,0.0192181818181818,117.73711623481223,128.27270069281047,188.1058624934021
1.8653318881988525,0.013599999999999973,0.0013454545454545108,0.025218181818181806,121.3902296457774,126.09938603151811,189.15032641055836
1.8698711395263672,0.01040000000000002,0.03534545454545451,0.0182181818181818,125.08782859659306,123.66820123813538,189.9853931418262
1.8745946884155273,0.026400000000000035,0.005345454545454514,0.013218181818181796,128.81373371696435,120.94919395608606,190.60470356780024
1.8793811798095703,0.002400000000000041,0.006654545454545496,0.034218181818181814,132.5505107371385,117.91411238534303,191.00415450108397
1.8851361274719238,0.00940000000000002,0.0023454545454545117,0.0162181818181818,136.27925907728357,114.53788995298868,191.1819257179318
1.889606237411499,0.02040000000000003,0.016345454545454524,0.001218181818181785,139.9794357551293,110.80010331022763,191.13848948768657
1.8942246437072754,0.018599999999999978,0.012654545454545502,0.034218181818181814,143.62873165588445,106.68635390202526,190.87660231572403
1.8996851444244385,0.02159999999999998,0.0043454545454545135,0.0007818181818182168,147.203015687615,102.189525764527,190.40127833243514
1.9051034450531006,0.0005999999999999617,0.006654545454545496,0.015218181818181797,150.6763599965478,97.31087604744249,189.7197436450477
1.9099068641662598,0.011599999999999971,0.0036545454545454936,0.0017818181818182177,154.1851719892545,92.03806121775521,188.9272865469022
1.9150142669677734,0.008400000000000019,0.014345454545454522,0.013218181818181796,157.59187513143195,86.40662462121439,187.9785061044954
1.9197535514831543,0.0005999999999999617,0.016345454545454524,0.018781818181818233,160.82896839921625,80.45247550788883,186.86727115939433
1.9246413707733154,0.0015999999999999626,0.0116545454545455,0.014218181818181796,163.86428208992416,74.21689794048973,185.6081846103119
1.929776668548584,0.006599999999999967,0.014345454545454522,0.0017818181818182177,166.66507314152477,67.75144785712092,184.2173777473495
1.9344959259033203,0.03259999999999996,0.010345454545454519,0.001218181818181785,169.19858294346534,61.11749233141089,182.7123517852616
1.9395825862884521,0.02259999999999998,0.0213454545454545,0.013218181818181796,171.43264970055694,54.385470159833005,181.11180741269587
1.945146083831787,0.0025999999999999635,0.0013454545454545108,0.0017818181818182177,173.33635334256743,47.633888928740475,179.43546474877195
1.949397087097168,0.008599999999999969,0.010345454545454519,0.0052181818181817885,174.88066927204164,40.94808048140328,177.7038753709589
1.9546105861663818,0.005599999999999966,0.01134545454545452,0.005781818181818221,176.03910687798412,34.41874311508437,175.93822696380636
1.9592242240905762,0.0004000000000000392,0.0106545454545455,0.006218181818181789,176.78830930224396,28.14030544570076,174.16014033278265
1.9646954536437988,0.0004000000000000392,0.0036545454545454936,0.013218181818181796,177.10859252603234,22.20915348893621,172.39145861661052
1.9698982238769531,0.01959999999999998,0.01134545454545452,0.0032181818181817867,176.98440466692125,16.721768414678053,170.65402960794566
1.974421501159668,0.015599999999999975,0.0036545454545454936,0.0017818181818182177,176.40469015998016,11.77282676044453,168.96948360670373
1.9799323081970215,0.015599999999999975,0.007345454545454516,0.025218181818181806,175.3631476346792,7.453316647413516,167.35901030902488
1.9850554466247559,0.00140000000000004,0.006654545454545496,0.010781818181818226,173.8583744188225,3.8487223716405765,165.8431383875239
1.9893889427185059,0.008599999999999969,0.005654545454545495,0.006218181818181789,171.89389469964112,1.0373266348914854,164.44152089082024
1.9946141242980957,0.012400000000000022,0.021654545454545482,0.009218181818181792,169.47807256765412,-0.9113240404001033,163.1727289038198
1.9996869564056396,0.011400000000000021,0.017345454545454525,0.018781818181818233,166.62391546636957,-1.9377496037717492,162.05405519950688
2.005002737045288,0.004400000000000043,0.01765454545454548,0.010218181818181793,163.34877784403977,-1.9936280257193744,161.10132859769064
2.0096309185028076,0.02240000000000003,0.010345454545454519,0.007781818181818223,159.67397885105643,-1.0426234622897539,160.32873833189274
2.014632225036621,0.017599999999999977,0.0106545454545455,0.020218181818181802,155.6243513794012,0.9390616635567426,159.74866647547228
2.019334316253662,0.004599999999999965,0.0023454545454545117,0.03021818181818181,151.22774209351644,3.96241134915374,159.37152632259242
2.024749279022217,0.005400000000000044,0.01765454545454548,0.026781818181818184,146.51448319147858,8.025587356369499,159.205606064523
2.0296502113342285,0.014400000000000024,0.010345454545454519,0.011218181818181794,141.51685683859526,13.114167762647213,159.25691978442987
2.034416675567627,0.01040000000000002,0.012654545454545502,0.014218181818181796,136.2685727370988,19.201605854246054,159.52907074415137
2.039247512817383,0.002400000000000041,0.012654545454545502,0.0172181818181818,130.80427769691434,26.249878168824523,160.02313418108537
2.044729471206665,0.004599999999999965,0.0016545454545454918,0.010218181818181793,125.15911305864533,34.21028974673135,160.73756790114692
2.0494444370269775,0.0005999999999999617,0.012654545454545502,0.03121818181818181,119.36833195484003,43.02440631736931,161.66815897089253
2.0542783737182617,0.012599999999999972,0.0023454545454545117,0.00721818181818179,113.46698445486787,52.62508553882378,162.80801412804232
2.0595929622650146,0.007400000000000045,0.014345454545454522,0.036218181818181816,107.48967480826606,62.93758170094023,164.1476003228928
2.0654284954071045,0.0025999999999999635,0.00034545454545450993,0.022218181818181804,101.47039123757035,73.88070020957201,165.6748400722763
2.069533109664917,0.004599999999999965,0.0036545454545454936,0.014218181818181796,95.44240530586596,85.36797932167414,167.37526406580852
2.074672222137451,0.016400000000000026,0.0013454545454545108,0.00721818181818179,89.43823499758999,97.30887716651138,169.232220805613
2.0792760848999023,0.017599999999999977,0.015654545454545477,0.010218181818181793,83.48966302080363,109.60994311122913,171.22714008481927
2.0847396850585938,0.005599999999999966,0.01765454545454548,0.023218181818181804,77.62779922280956,122.1759546258489,173.33984386621694
2.089683771133423,0.01959999999999998,0.006345454545454515,0.03021818181818181,71.88317373981192,134.91100338691416,175.54889479627207
2.0944390296936035,0.002400000000000041,0.02065454545454548,0.012218181818181795,66.28584605128046,147.71951711680015,177.83196987055385
2.0998921394348145,0.0015999999999999626,0.01865454545454548,0.0027818181818182186,60.865514543397296,160.50720761933633,180.16624571982362
2.105682611465454,0.011400000000000021,0.0016545454545454918,0.0192181818181818,55.65161141985834,173.18194134029488,182.52878313726123
2.110018014907837,0.006599999999999967,0.0023454545454545117,0.0182181818181818,50.67336904418673,185.65453516363718,184.8969011813996
2.1150529384613037,0.003400000000000042,0.0046545454545454945,0.027218181818181808,45.959846228620705,197.8394847174265,187.24853424165235
2.1196372509002686,0.016400000000000026,0.0013454545454545108,0.008218181818181791,41.5399060347485,209.6556341813461,189.5625679532268
2.124443769454956,0.028400000000000036,0.012654545454545502,0.020218181818181802,37.44213914081425,221.02679600065395,191.81915145706887
2.12933611869812,0.013400000000000023,0.01234545454545452,0.008218181818181791,33.69472808357986,231.88232664413752,193.99998416724048
2.134913921356201,0.005400000000000044,0.0016545454545454918,0.005781818181818221,30.325248293145734,242.15766061903227,196.08857501734857
2.1396074295043945,0.0005999999999999617,0.0046545454545454945,0.0007818181818182168,27.360403147606263,251.79479976460357,198.07047133477616
2.144890546798706,0.01059999999999997,0.0046545454545454945,0.0007818181818182168,24.825693299784604,260.7427497564405,199.93345335247037
2.149669885635376,0.007599999999999968,0.036654545454545495,0.022218181818181804,22.74502530047542,268.9578920765395,201.66768921111452
2.1543967723846436,0.0035999999999999643,0.008345454545454517,0.025218181818181806,21.14026996519206,276.4042778498373,203.26584442626077
2.159515857696533,0.006599999999999967,0.006654545454545496,0.020218181818181802,20.03078536452304,283.0538298942414,204.7231395248741
2.1653032302856445,0.008400000000000019,0.000654545454545491,0.00721818181818179,19.43292178428453,288.8864408275175,206.037350044881
2.1698806285858154,0.03259999999999996,0.013345454545454521,0.013218181818181796,19.359526788682786,293.8899573558028,207.20874416906807
2.1746273040771484,0.018400000000000027,0.0043454545454545135,0.009781818181818225,19.819468446858195,298.0600433240784,208.2399547642122
2.1800100803375244,0.0015999999999999626,0.006654545454545496,0.001218181818181785,21.575603113340406,301.26540693118136,209.28524970399135
2.184882164001465,0.007599999999999968,0.021654545454545482,0.010218181818181793,23.79861824564361,303.6651976641119,210.2029783114655
2.189671754837036,0.02040000000000003,0.016654545454545477,0.03578181818181819,26.32654032004919,305.30236868706027,210.95479500632902
2.1945765018463135,0.01059999999999997,0.014654545454545476,0.02921818181818181,29.14595109345953,306.2004791134596,211.55005590285754
2.1998651027679443,0.02159999999999998,0.013654545454545475,0.017781818181818232,32.24005721821675,306.38800154593787,211.99929026529517
2.2052130699157715,0.005400000000000044,0.009345454545454518,0.025218181818181806,35.5887151080174,305.89749051534955,212.31376485719312
2.2097136974334717,0.004599999999999965,0.01865454545454548,0.0162181818181818,39.168504889069,304.76468864537185,212.50502968026484
2.2145540714263916,0.0025999999999999635,0.008345454545454517,0.0182181818181818,42.95285220351113,303.027590335382,212.58446155744446
2.219987630844116,0.00959999999999997,0.0016545454545454918,0.0027818181818182186,47.32384467587164,300.6518366036769,212.63844084052027
2.2261147499084473,0.0005999999999999617,0.01765454545454548,0.004218181818181788,52.50336434495313,297.63158411842056,212.7233994048732
2.2299704551696777,0.004599999999999965,0.0016545454545454918,0.022218181818181804,57.97050206539703,294.09287665904344,212.75838352383667
2.2345244884490967,0.0025999999999999635,0.012654545454545502,0.019781818181818234,63.67464831857484,290.07582857931504,212.74752616002823
2.240882635116577,0.005400000000000044,0.027654545454545487,0.019781818181818234,69.56213900755881,285.6186557128839,212.6927808591418
2.2458574771881104,0.002400000000000041,0.0043454545454545135,0.01478181818181823,75.57704959728653,280.75702678144546,212.5938241466637
2.249725580215454,0.004599999999999965,0.012654545454545502,0.0007818181818182168,81.66205905457869,275.52358199727803,212.44804846469393
2.2545595169067383,0.015599999999999975,0.009654545454545499,0.0172181818181818,87.7593603072517,269.94764336151104,212.25064956393663
2.2598683834075928,0.01040000000000002,0.000654545454545491,0.0162181818181818,93.81159103509202,264.05513319838985,211.9948095089371
2.2652487754821777,0.0004000000000000392,0.006345454545454515,0.0172181818181818,99.76275847366092,257.8687077164884,211.67197278279951
2.2696783542633057,0.024599999999999955,0.0013454545454545108,0.0182181818181818,105.60120654992726,251.40223796502482,211.29424738952235
2.2748656272888184,0.01040000000000002,0.00034545454545450993,0.023218181818181804,111.28129268665744,244.67238431159652,210.85337345886018
2.279860734939575,0.002400000000000041,0.007654545454545497,0.0007818181818182168,116.72009108352964,237.69987703357071,210.319089374641
2.286565065383911,0.015599999999999975,0.00034545454545450993,0.008781818181818224,121.87545201127355,230.49958607467386,209.6802001809559
2.2903518676757812,0.002400000000000041,0.016654545454545477,0.010781818181818226,126.71021206343714,223.0865443074245,208.92607958234078
2.294830083847046,0.007599999999999968,0.0106545454545455,0.007781818181818223,131.1926729989936,215.47695634417332,208.04722165269717
2.29967999458313,0.0025999999999999635,0.009654545454545499,0.011218181818181794,135.2969862388766,207.68921204684497,207.03577324282787
2.305145502090454,0.011599999999999971,0.0023454545454545117,0.03021818181818181,139.00344179389901,199.74485551958676,205.88602527021052
2.3094725608825684,0.002400000000000041,0.008654545454545498,0.07221818181818179,142.29865956043554,191.66946182578758,204.59484280869546
2.3145031929016113,0.02159999999999998,0.017345454545454525,0.028781818181818186,145.17567961644252,183.49337715376217,203.162016784579
2.3194756507873535,0.016400000000000026,0.01765454545454548,0.0192181818181818,147.63394757424842,175.25228348640007,201.59052359387158
2.325299024581909,0.0025999999999999635,0.0033454545454545126,0.0017818181818182177,149.6791918594039,166.98755598492676,199.88668274171877
2.3297677040100098,0.008400000000000019,0.0116545454545455,0.001218181818181785,151.32319159269946,158.74639052309624,198.06020664526082
2.3347854614257812,0.0035999999999999643,0.0046545454545454945,0.011218181818181794,152.5834357297983,150.5816901484897,196.12414107926458
2.339452028274536,0.002400000000000041,0.022654545454545483,0.014218181818181796,153.48267598010338,142.55171180500326,194.09469920967757
2.345776081085205,0.007400000000000045,0.009345454545454518,0.007781818181818223,154.04837815250892,134.71948673857173,191.99099637870884
2.3497166633605957,0.01059999999999997,0.008654545454545498,0.009781818181818225,154.31207930600962,127.15203818595177,189.83469641146462
2.355173110961914,0.011400000000000021,0.01234545454545452,0.0032181818181817867,154.30866128442904,119.91942736527912,187.64958288331286
2.3598875999450684,0.005400000000000044,0.0016545454545454918,0.014218181818181796,154.07555448723247,113.09366276466625,185.46107016876275
2.367161750793457,0.014599999999999974,0.01134545454545452,0.030781818181818188,153.6518887988141,106.74750820234843,183.29566910502186
2.369511127471924,0.007400000000000045,0.0016545454545454918,0.027218181818181808,153.07761130227746,100.95322335679008,181.18042122502106
2.3745415210723877,0.008599999999999969,0.007654545454545497,0.00721818181818179,152.39259236964722,95.78126799210736,179.14231443614042
2.379584312438965,0.02040000000000003,0.005345454545454514,0.0032181818181817867,151.63574237455128,91.29899843766663,177.20769212106552
2.385448694229126,0.014599999999999974,0.007654545454545497,0.006781818181818222,150.84416035274694,87.5693819189311,175.40166700991935
2.3897018432617188,0.008400000000000019,0.007345454545454516,0.0017818181818182177,150.05233384129718,84.64975146840672,173.74755092736913
2.3945651054382324,0.018400000000000027,0.01865454545454548,0.026781818181818184,149.29140658698373,82.59062216020857,172.26631182463245
2.3996939659118652,0.02159999999999998,0.010345454545454519,0.023781818181818182,148.58852835216166,81.43458876447644,170.9760704402491
2.40502667427063,0.02259999999999998,0.0106545454545455,0.011781818181818227,147.9662988864473,81.2153254586171,169.89165030486677
2.4096503257751465,0.0064000000000000445,0.007345454545454516,0.018781818181818233,147.44231640194857,81.9567093145818,169.02419600686923
2.414930820465088,0.004400000000000043,0.008654545454545498,0.021218181818181803,147.0288396564548,83.67208992690472,168.38087477554683
2.419318914413452,0.0015999999999999626,0.013345454545454521,0.030781818181818188,146.73257184758694,86.36372672813893,167.96467489538037
2.4248647689819336,0.014400000000000024,0.005345454545454514,0.013218181818181796,146.55457353135918,90.02241254752337,167.77431131611146
2.429304599761963,0.008599999999999969,0.006345454545454515,0.0052181818181817885,146.49031033703864,94.6272966996703,167.80424464971193
2.4345953464508057,0.0005999999999999617,0.027654545454545487,0.034218181818181814,146.52983925141092,100.14591400938131,168.04481517679986
2.4392919540405273,0.005599999999999966,0.005654545454545495,0.007781818181818223,146.65813460546048,106.53441908613053,168.48248899244948
2.4448561668395996,0.0064000000000000445,0.0116545454545455,0.010218181818181793,146.85555134783334,113.7380193823882,169.10020929617446
2.4499263763427734,0.00140000000000004,0.010345454545454519,0.010218181818181793,147.09841854847437,121.69159662091793,169.87784214089268
2.4547882080078125,0.016599999999999976,0.01134545454545452,0.03321818181818181,147.35975055461873,130.32050309320024,170.79270256911204
2.4596023559570312,0.035599999999999965,0.0016545454545454918,0.027781818181818185,147.61005734372344,139.54151580174843,171.82014391927945
2.4644014835357666,0.0005999999999999617,0.00034545454545450993,0.0027818181818182186,147.81823002890542,149.26392740785775,172.93419053425362
2.4695510864257812,0.00959999999999997,0.0043454545454545135,0.011781818181818227,147.9524729464467,159.39074989959474,174.10819283114847
2.4746155738830566,0.002400000000000041,0.007654545454545497,0.013781818181818228,147.9812511890696,169.82000639158608,175.31548409518916
2.4796226024627686,0.004599999999999965,0.0106545454545455,0.012218181818181795,147.8742225534579,180.44608885382195,176.53002012055128
2.4848990440368652,0.008599999999999969,0.016345454545454524,0.008781818181818224,147.60312567954446,191.16116364688514,177.72698519609753
2.489611864089966,0.018599999999999978,0.010345454545454519,0.026218181818181807,147.1426009159541,201.8566104246838,178.8833503052906
2.494560956954956,0.004400000000000043,0.022654545454545483,0.015218181818181797,146.4709261485575,212.4244812866779,179.97837147096823
2.4996211528778076,0.008599999999999969,0.009345454545454518,0.002218181818181786,145.5706558038979,222.75896498469436,180.9940178405202
2.5049383640289307,0.017599999999999977,0.007654545454545497,0.019781818181818234,144.42915700900613,232.7578359405391,181.9153204780212
2.5096611976623535,0.00959999999999997,0.023654545454545484,0.0172181818181818,143.03904161826924,242.32386209389267,182.73063426805328
2.5142252445220947,0.00140000000000004,0.0016545454545454918,0.03021818181818181,141.39849536341418,251.36614248131627,183.43180735372124
2.5196242332458496,0.007599999999999968,0.0013454545454545108,0.0017818181818182177,139.51150521760158,259.8013466618425,184.0142554024635
2.52493953704834,0.016599999999999976,0.0106545454545455,0.03921818181818176,137.38798390224574,267.55483219944307,184.47694149401423
2.529386043548584,0.01059999999999997,0.006345454545454515,0.024218181818181805,140.78654822798597,273.53416154088484,185.87719987861172
2.5345284938812256,0.03640000000000004,0.01234545454545452,0.0037818181818182195,143.91030374717533,278.7258663323004,187.15181031132448
2.5402071475982666,0.0015999999999999626,0.000654545454545491,0.006218181818181789,146.55323008889832,283.1283318701237,188.2665294139767
2.5474257469177246,0.013400000000000023,0.012654545454545502,0.009781818181818225,148.72614711172105,286.7152431329709,189.2419522609164
2.551008462905884,0.0025999999999999635,0.013345454545454521,0.03721818181818182,150.4328693751629,289.47364053656474,190.09322034924918
2.5560414791107178,0.007599999999999968,0.0023454545454545117,0.014218181818181796,151.59390786880914,291.4145388879798,190.7896583005544
2.5604019165039062,0.012599999999999972,0.024654545454545485,0.010218181818181793,152.20926792935765,292.55002885473334,191.33972006181
2.5649194717407227,0.015599999999999975,0.008345454545454517,0.006218181818181789,152.28849466640733,292.9026278598626,191.75408679594355
2.5705344676971436,0.01059999999999997,0.03134545454545451,0.011218181818181794,151.85031404145806,292.5047493527325,192.04529979849977
2.5747594833374023,0.005599999999999966,0.00034545454545450993,0.0182181818181818,150.9220793413332,291.3980262149076,192.2273752679164
2.580199718475342,0.007400000000000045,0.009345454545454518,0.03021818181818181,149.53903442661078,289.6324978813617,192.31541022207986
2.5844857692718506,0.0035999999999999643,0.012654545454545502,0.00721818181818179,147.74341005944882,287.2656721036757,192.3251893634693
2.5899555683135986,0.004599999999999965,0.005654545454545495,0.0037818181818182195,145.58337592448538,284.3614734206377,192.2728031086342
2.59466814994812,0.005400000000000044,0.016345454545454524,0.0007818181818182168,143.1118770846835,280.9890917450868,192.17428699913677
2.599353551864624,0.0015999999999999626,0.0016545454545454918,0.0182181818181818,140.38538772706391,277.2217464662647,192.0452919221139
2.6049022674560547,0.017400000000000027,0.0033454545454545126,0.01578181818181823,137.46261637411044,273.1353843696859,191.90079281949
2.6095170974731445,0.002400000000000041,0.010345454545454519,0.0052181818181817885,134.40319596126932,268.80733340822326,191.7548410710682
2.614560842514038,0.00140000000000004,0.0043454545454545135,0.010218181818181793,131.26639052712082,264.31493827881286,191.62036290532063
2.6196649074554443,0.0064000000000000445,0.01965454545454548,0.03221818181818181,128.1098484193541,259.7342069047586,191.50900331873663
2.6251437664031982,0.0005999999999999617,0.0223454545454545,0.002218181818181786,124.98843007130043,255.13849880011344,191.43101220254724
2.6292383670806885,0.014400000000000024,0.03165454545454549,0.01578181818181823,121.95313658818695,250.597287098934,191.3951668675197
2.634652853012085,0.01059999999999997,0.0023454545454545117,0.001218181818181785,119.05016328050803,246.17502568162513,191.40872340605526
2.6395466327667236,0.008400000000000019,0.009345454545454518,0.0032181818181817867,116.32009914415589,241.93015040757763,191.47738901757987
2.6449904441833496,0.007400000000000045,0.0116545454545455,0.01478181818181823,113.79728868021151,237.91423838426502,191.60530888244693
2.6493077278137207,0.011400000000000021,0.026345454545454505,0.021218181818181803,111.50936688921179,234.17134234282432,191.79506401709753
2.654703378677368,0.004599999999999965,0.00034545454545450993,0.022218181818181804,113.86318596637012,229.95275611910978,192.85341868852095
2.659592390060425,0.0015999999999999626,0.028345454545454507,0.010218181818181793,117.62042513801849,225.86803360078414,194.1825053709835
2.6649765968322754,0.0025999999999999635,0.0223454545454545,0.0017818181818182177,121.65342723235015,222.13944439467195,195.57198036657087
2.6705355644226074,0.02859999999999996,0.0223454545454545,0.011218181818181794,125.9105268036286,218.78721453468228,197.00897554089514
2.6748623847961426,0.012599999999999972,0.005345454545454514,0.01478181818181823,130.33700992879622,215.8229100231877,198.47989628867074
2.679666757583618,0.0004000000000000392,0.008654545454545498,0.03821818181818182,134.8763039334027,213.2497442109866,199.97065652180527
2.6849310398101807,0.005599999999999966,0.01965454545454548,0.0052181818181817885,139.47121195825707,211.0630526845418,201.46692632456808
2.689847707748413,0.018599999999999978,0.01765454545454548,0.001218181818181785,144.06515833652279,209.25092189376093,202.95438898214692
2.694363594055176,0.00140000000000004,0.01234545454545452,0.0007818181818182168,148.60340922016354,207.79495478931312,204.41900321617823
2.699662208557129,0.0064000000000000445,0.008345454545454517,0.012218181818181795,153.03423308937423,206.67115382981981,205.8472657208533
2.7049524784088135,0.004599999999999965,0.01134545454545452,0.020781818181818235,157.30996827703615,205.85089869298736,207.2264685353764
2.70965576171875,0.003400000000000042,0.009345454545454518,0.022781818181818236,161.38796865316095,205.30199296647177,208.54494527743233
2.714319944381714,0.02159999999999998,0.007654545454545497,0.012218181818181795,165.23140280184603,204.9897513663721,209.79229964999143
2.719527244567871,0.0064000000000000445,0.009654545454545499,0.0027818181818182186,168.80988594060614,204.87809713573907,210.9596091054269
2.725613594055176,0.007400000000000045,0.007345454545454516,0.004218181818181788,172.0999280486385,204.9306386996415,212.03959658156353
2.7295963764190674,0.004400000000000043,0.0023454545454545117,0.002218181818181786,175.08518667852766,205.11169556400995,213.02676408828086
2.734405517578125,0.006599999999999967,0.006345454545454515,0.010218181818181793,177.75651850776833,205.38724550273346,213.9174833671279
2.739722490310669,0.0025999999999999635,0.016654545454545477,0.013218181818181796,180.11182946467946,205.72576770352205,214.71004032755786
2.7448737621307373,0.005599999999999966,0.023654545454545484,0.019781818181818234,182.15572929488317,206.0989593342055,215.4046310855253
2.749873399734497,0.0015999999999999626,0.0026545454545454927,0.018781818181818233,183.89900284745747,206.48230587432187,216.00330813024337
