t_sec,t_nanosec,s1_fx,s1_fy,s1_fz,s1_tx,s1_ty,s1_tz,s1_stamp_sec,s1_stamp_nsec,s2_fx,s2_fy,s2_fz,s2_tx,s2_ty,s2_tz,s2_stamp_sec,s2_stamp_nsec,s3_fx,s3_fy,s3_fz,s3_tx,s3_ty,s3_tz,s3_stamp_sec,s3_stamp_nsec,ee_px,ee_py,ee_pz,ee_stamp_sec,ee_stamp_nsec,ee_mf_px,ee_mf_py,ee_mf_pz,ee_mf_stamp_sec,ee_mf_stamp_nsec,ee_th_px,ee_th_py,ee_th_pz,ee_th_stamp_sec,ee_th_stamp_nsec,deform_circ,deform_circ_stamp_sec,deform_circ_stamp_nsec,deform_ecc,deform_ecc_stamp_sec,deform_ecc_stamp_nsec,emg_ch1,emg_ch2,emg_ch3,emg_ch4,emg_ch5,emg_ch6,emg_ch7,emg_ch8,emg_stamp_sec,emg_stamp_nsec
1762742149,837021368,,,,,,,,,,,,,,,,,,,,,,,,,,,,,,,,,,,,,,,,,,,,,,159.000000,145.000000,212.000000,294.000000,49.000000,24.000000,32.000000,207.000000,1762742149,833917637
1762742149,840276500,,,,,,,,,,,,,,,,,,,,,,,,,,,,,,,,,,,,,,,,,,,,,,159.000000,145.000000,212.000000,294.000000,49.000000,24.000000,32.000000,207.000000,1762742149,839640010
1762742149,845230446,,,,,,,,,,,,,,,,,,,,,,,,,,,,,,,,,,,,,,,,,,,,,,159.000000,145.000000,212.000000,294.000000,49.000000,24.000000,32.000000,207.000000,1762742149,839640010
1762742149,850224321,,,,,,,,,,,,,,,,,,,,,,,,,,,,,,,,,,,,,,,,,,,,,,141.000000,100.000000,193.000000,301.000000,50.000000,23.000000,30.000000,207.000000,1762742149,848630954
1762742149,855229836,,,,,,,,,,,,,,,,,,,,,,,,,,,,,,,,,,,,,,,,,,,,,,141.000000,100.000000,193.000000,301.000000,50.000000,23.000000,30.000000,207.000000,1762742149,854311108
1762742149,860219353,,,,,,,,,,,,,,,,,,,,,,,,,,,,,,,,,,,,,,,,,,,,,,141.000000,100.000000,193.000000,301.000000,50.000000,23.000000,30.000000,207.000000,1762742149,859093874
1762742149,865452502,,,,,,,,,,,,,,,,,,,,,,,,,,,,,,,,,,,,,,,,,,,,,,141.000000,100.000000,193.000000,301.000000,50.000000,23.000000,30.000000,207.000000,1762742149,864794592
1762742149,870238559,,,,,,,,,,,,,,,,,,,,,,,,,,,,,,,,,,,,,,,,,,,,,,141.000000,100.000000,193.000000,301.000000,50.000000,23.000000,30.000000,207.000000,1762742149,864794592
1762742149,875222544,,,,,,,,,,,,,,,,,,,,,,,,,,,,,,,,,,,,,,,,,,,,,,140.000000,96.000000,195.000000,300.000000,50.000000,23.000000,30.000000,156.000000,1762742149,871227710
1762742149,880228504,,,,,,,,,,,,,,,,,,,,,,,,,,,,,,,,,,,,,,,,,,,,,,140.000000,96.000000,195.000000,300.000000,50.000000,23.000000,30.000000,156.000000,1762742149,878703684
1762742149,885346640,,,,,,,,,,,,,,,,,,,,,,,,,,,,,,,,,,,,,,,,,,,,,,140.000000,96.000000,195.000000,300.000000,50.000000,23.000000,30.000000,156.000000,1762742149,878703684
1762742149,890274373,,,,,,,,,,,,,,,,,,,,,,,,,,,,,,,,,,,,,,,,,,,,,,141.000000,106.000000,192.000000,251.000000,45.000000,22.000000,31.000000,162.000000,1762742149,889338466
1762742149,895282045,,,,,,,,,,,,,,,,,,,,,,,,,,,,,,,,,,,,,,,,,,,,,,141.000000,106.000000,192.000000,251.000000,45.000000,22.000000,31.000000,162.000000,1762742149,889338466
1762742149,900291397,,,,,,,,,,,,,,,,,,,,,,,,,,,,,,,,,,,,,,,,,,,,,,141.000000,106.000000,192.000000,251.000000,45.000000,22.000000,31.000000,162.000000,1762742149,896422418
1762742149,905399166,,,,,,,,,,,,,,,,,,,,,,,,,,,,,,,,,,,,,,,,,,,,,,141.000000,106.000000,192.000000,251.000000,45.000000,22.000000,31.000000,162.000000,1762742149,903784058
1762742149,910246052,,,,,,,,,,,,,,,,,,,,,,,,,,,,,,,,,,,,,,,,,,,,,,141.000000,106.000000,192.000000,251.000000,45.000000,22.000000,31.000000,162.000000,1762742149,903784058
1762742149,915210804,,,,,,,,,,,,,,,,,,,,,,,,,,,,,,,,,,,,,,,,,,,,,,148.000000,100.000000,160.000000,276.000000,46.000000,21.000000,29.000000,145.000000,1762742149,914226142
1762742149,920215637,,,,,,,,,,,,,,,,,,,,,,,,,,,,,,,,,,,,,,,,,,,,,,148.000000,100.000000,160.000000,276.000000,46.000000,21.000000,29.000000,145.000000,1762742149,914226142
1762742149,925210290,,,,,,,,,,,,,,,,,,,,,,,,,,,,,,,,,,,,,,,,,,,,,,148.000000,100.000000,160.000000,276.000000,46.000000,21.000000,29.000000,145.000000,1762742149,921527017
1762742149,930400345,,,,,,,,,,,,,,,,,,,,,,,,,,,,,,,,,,,,,,,,,,,,,,148.000000,100.000000,160.000000,276.000000,46.000000,21.000000,29.000000,145.000000,1762742149,929491117
1762742149,935348217,,,,,,,,,,,,,,,,,,,,,,,,,,,,,,,,,,,,,,,,,,,,,,148.000000,100.000000,160.000000,276.000000,46.000000,21.000000,29.000000,145.000000,1762742149,929491117
1762742149,940226855,,,,,,,,,,,,,,,,,,,,,,,,,,,,,,,,,,,,,,,,,,,,,,92.000000,97.000000,223.000000,203.000000,35.000000,22.000000,29.000000,147.000000,1762742149,937159093
1762742149,945208246,,,,,,,,,,,,,,,,,,,,,,,,,,,,,,,,,,,,,,,,,,,,,,88.000000,97.000000,226.000000,201.000000,33.000000,23.000000,29.000000,146.000000,1762742149,940727850
1762742149,950270381,,,,,,,,,,,,,,,,,,,,,,,,,,,,,,,,,,,,,,,,,,,,,,88.000000,97.000000,226.000000,201.000000,33.000000,23.000000,29.000000,146.000000,1762742149,945938441
1762742149,955264512,,,,,,,,,,,,,,,,,,,,,,,,,,,,,,,,,,,,,,,,,,,,,,88.000000,97.000000,226.000000,201.000000,33.000000,23.000000,29.000000,146.000000,1762742149,945938441
1762742149,960176828,,,,,,,,,,,,,,,,,,,,,,,,,,,,,,,,,,,,,,,,,,,,,,88.000000,97.000000,226.000000,201.000000,33.000000,23.000000,29.000000,146.000000,1762742149,959056608
1762742149,965196052,,,,,,,,,,,,,,,,,,,,,,,,,,,,,,,,,,,,,,,,,,,,,,88.000000,97.000000,226.000000,201.000000,33.000000,23.000000,29.000000,146.000000,1762742149,959056608
1762742149,970179030,,,,,,,,,,,,,,,,,,,,,,,,,,,,,,,,,,,,,,,,,,,,,,83.000000,102.000000,237.000000,216.000000,32.000000,22.000000,26.000000,129.000000,1762742149,967321980
1762742149,975182988,,,,,,,,,,,,,,,,,,,,,,,,,,,,,,,,,,,,,,,,,,,,,,83.000000,102.000000,237.000000,216.000000,32.000000,22.000000,26.000000,129.000000,1762742149,974610845
1762742149,980198528,,,,,,,,,,,,,,,,,,,,,,,,,,,,,,,,,,,,,,,,,,,,,,83.000000,102.000000,237.000000,216.000000,32.000000,22.000000,26.000000,129.000000,1762742149,974610845
1762742149,985204126,,,,,,,,,,,,,,,,,,,,,,,,,,,,,,,,,,,,,,,,,,,,,,83.000000,102.000000,237.000000,216.000000,32.000000,22.000000,26.000000,129.000000,1762742149,983562144
1762742149,990219845,,,,,,,,,,,,,,,,,,,,,,,,,,,,,,,,,,,,,,,,,,,,,,83.000000,102.000000,237.000000,216.000000,32.000000,22.000000,26.000000,129.000000,1762742149,983562144
1762742149,995298436,,,,,,,,,,,,,,,,,,,,,,,,,,,,,,,,,,,,,,,,,,,,,,78.000000,99.000000,228.000000,215.000000,33.000000,23.000000,24.000000,88.000000,1762742149,994672731
1762742150,253877,,,,,,,,,,,,,,,,,,,,,,,,,,,,,,,,,,,,,,,,,,,,,,78.000000,99.000000,228.000000,215.000000,33.000000,23.000000,24.000000,88.000000,1762742149,994672731
1762742150,5564061,,,,,,,,,,,,,,,,,,,,,,,,,,,,,,,,,,,,,,,,,,,,,,61.000000,115.000000,239.000000,198.000000,30.000000,23.000000,24.000000,113.000000,1762742150,4627332
1762742150,10553108,,,,,,,,,,,,,,,,,,,,,,,,,,,,,,,,,,,,,,,,,,,,,,61.000000,115.000000,239.000000,198.000000,30.000000,23.000000,24.000000,113.000000,1762742150,4627332
1762742150,15989672,,,,,,,,,,,,,,,,,,,,,,,,,,,,,,,,,,,,,,,,,,,,,,61.000000,115.000000,239.000000,198.000000,30.000000,23.000000,24.000000,113.000000,1762742150,14740740
1762742150,20310549,,,,,,,,,,,,,,,,,,,,,,,,,,,,,,,,,,,,,,,,,,,,,,61.000000,115.000000,239.000000,198.000000,30.000000,23.000000,24.000000,113.000000,1762742150,18955016
1762742150,25178358,,,,,,,,,,,,,,,,,,,,,,,,,,,,,,,,,,,,,,,,,,,,,,61.000000,115.000000,239.000000,198.000000,30.000000,23.000000,24.000000,113.000000,1762742150,24295483
1762742150,30385619,,,,,,,,,,,,,,,,,,,,,,,,,,,,,,,,,,,,,,,,,,,,,,51.000000,142.000000,196.000000,221.000000,28.000000,21.000000,24.000000,112.000000,1762742150,29945626
1762742150,35555485,,,,,,,,,,,,,,,,,,,,,,,,,,,,,,,,,,,,,,,,,,,,,,51.000000,142.000000,196.000000,221.000000,28.000000,21.000000,24.000000,112.000000,1762742150,35157293
1762742150,40234871,,,,,,,,,,,,,,,,,,,,,,,,,,,,,,,,,,,,,,,,,,,,,,51.000000,142.000000,196.000000,221.000000,28.000000,21.000000,24.000000,112.000000,1762742150,35157293
1762742150,45308770,,,,,,,,,,,,,,,,,,,,,,,,,,,,,,,,,,,,,,,,,,,,,,51.000000,142.000000,196.000000,221.000000,28.000000,21.000000,24.000000,112.000000,1762742150,42148949
1762742150,50923424,,,,,,,,,,,,,,,,,,,,,,,,,,,,,,,,,,,,,,,,,,,,,,49.000000,147.000000,185.000000,209.000000,26.000000,23.000000,22.000000,112.000000,1762742150,49851807
1762742150,55282479,,,,,,,,,,,,,,,,,,,,,,,,,,,,,,,,,,,,,,,,,,,,,,49.000000,147.000000,185.000000,209.000000,26.000000,23.000000,22.000000,112.000000,1762742150,54054304
1762742150,60847883,,,,,,,,,,,,,,,,,,,,,,,,,,,,,,,,,,,,,,,,,,,,,,49.000000,147.000000,185.000000,209.000000,26.000000,23.000000,22.000000,112.000000,1762742150,59212675
1762742150,66599270,,,,,,,,,,,,,,,,,,,,,,,,,,,,,,,,,,,,,,,,,,,,,,48.000000,184.000000,187.000000,195.000000,27.000000,47.000000,24.000000,112.000000,1762742150,64911305
1762742150,71251325,,,,,,,,,,,,,,,,,,,,,,,,,,,,,,,,,,,,,,,,,,,,,,48.000000,184.000000,187.000000,195.000000,27.000000,47.000000,24.000000,112.000000,1762742150,64911305
1762742150,75730371,,,,,,,,,,,,,,,,,,,,,,,,,,,,,,,,,,,,,,,,,,,,,,48.000000,184.000000,187.000000,195.000000,27.000000,47.000000,24.000000,112.000000,1762742150,72771140
1762742150,80423082,,,,,,,,,,,,,,,,,,,,,,,,,,,,,,,,,,,,,,,,,,,,,,48.000000,184.000000,187.000000,195.000000,27.000000,47.000000,24.000000,112.000000,1762742150,76639159
1762742150,85178854,,,,,,,,,,,,,,,,,,,,,,,,,,,,,,,,,,,,,,,,,,,,,,54.000000,184.000000,186.000000,179.000000,24.000000,73.000000,28.000000,102.000000,1762742150,84253387
1762742150,90192554,,,,,,,,,,,,,,,,,,,,,,,,,,,,,,,,,,,,,,,,,,,,,,54.000000,184.000000,186.000000,179.000000,24.000000,73.000000,28.000000,102.000000,1762742150,84253387
1762742150,95181593,,,,,,,,,,,,,,,,,,,,,,,,,,,,,,,,,,,,,,,,,,,,,,54.000000,184.000000,186.000000,179.000000,24.000000,73.000000,28.000000,102.000000,1762742150,90585725
1762742150,100233266,,,,,,,,,,,,,,,,,,,,,,,,,,,,,,,,,,,,,,,,,,,,,,54.000000,184.000000,186.000000,179.000000,24.000000,73.000000,28.000000,102.000000,1762742150,98422871
1762742150,105201965,,,,,,,,,,,,,,,,,,,,,,,,,,,,,,,,,,,,,,,,,,,,,,54.000000,184.000000,186.000000,179.000000,24.000000,73.000000,28.000000,102.000000,1762742150,98422871
1762742150,110199959,,,,,,,,,,,,,,,,,,,,,,,,,,,,,,,,,,,,,,,,,,,,,,58.000000,185.000000,200.000000,168.000000,24.000000,76.000000,33.000000,75.000000,1762742150,108743715
1762742150,115835403,,,,,,,,,,,,,,,,,,,,,,,,,,,,,,,,,,,,,,,,,,,,,,58.000000,185.000000,200.000000,168.000000,24.000000,76.000000,33.000000,75.000000,1762742150,115343525
1762742150,120211213,,,,,,,,,,,,,,,,,,,,,,,,,,,,,,,,,,,,,,,,,,,,,,58.000000,185.000000,200.000000,168.000000,24.000000,76.000000,33.000000,75.000000,1762742150,115343525
1762742150,125182809,,,,,,,,,,,,,,,,,,,,,,,,,,,,,,,,,,,,,,,,,,,,,,58.000000,186.000000,182.000000,123.000000,23.000000,77.000000,34.000000,68.000000,1762742150,123912640
1762742150,130177574,,,,,,,,,,,,,,,,,,,,,,,,,,,,,,,,,,,,,,,,,,,,,,58.000000,186.000000,182.000000,123.000000,23.000000,77.000000,34.000000,68.000000,1762742150,128667204
1762742150,135242962,,,,,,,,,,,,,,,,,,,,,,,,,,,,,,,,,,,,,,,,,,,,,,58.000000,186.000000,182.000000,123.000000,23.000000,77.000000,34.000000,68.000000,1762742150,128667204
1762742150,140288785,,,,,,,,,,,,,,,,,,,,,,,,,,,,,,,,,,,,,,,,,,,,,,58.000000,186.000000,182.000000,123.000000,23.000000,77.000000,34.000000,68.000000,1762742150,128667204
1762742150,145218781,,,,,,,,,,,,,,,,,,,,,,,,,,,,,,,,,,,,,,,,,,,,,,62.000000,181.000000,181.000000,126.000000,25.000000,78.000000,35.000000,108.000000,1762742150,144302508
1762742150,150213322,,,,,,,,,,,,,,,,,,,,,,,,,,,,,,,,,,,,,,,,,,,,,,62.000000,181.000000,181.000000,126.000000,25.000000,78.000000,35.000000,108.000000,1762742150,144302508
1762742150,155321841,,,,,,,,,,,,,,,,,,,,,,,,,,,,,,,,,,,,,,,,,,,,,,62.000000,181.000000,181.000000,126.000000,25.000000,78.000000,35.000000,108.000000,1762742150,154397920
1762742150,160257518,,,,,,,,,,,,,,,,,,,,,,,,,,,,,,,,,,,,,,,,,,,,,,62.000000,181.000000,181.000000,126.000000,25.000000,78.000000,35.000000,108.000000,1762742150,154397920
1762742150,165256135,,,,,,,,,,,,,,,,,,,,,,,,,,,,,,,,,,,,,,,,,,,,,,62.000000,181.000000,181.000000,126.000000,25.000000,78.000000,35.000000,108.000000,1762742150,161019518
1762742150,170221115,,,,,,,,,,,,,,,,,,,,,,,,,,,,,,,,,,,,,,,,,,,,,,62.000000,181.000000,181.000000,126.000000,25.000000,78.000000,35.000000,108.000000,1762742150,168952098
1762742150,175214716,,,,,,,,,,,,,,,,,,,,,,,,,,,,,,,,,,,,,,,,,,,,,,62.000000,181.000000,181.000000,126.000000,25.000000,78.000000,35.000000,108.000000,1762742150,168952098
1762742150,180443128,,,,,,,,,,,,,,,,,,,,,,,,,,,,,,,,,,,,,,,,,,,,,,59.000000,128.000000,185.000000,153.000000,29.000000,40.000000,32.000000,126.000000,1762742150,180053247
1762742150,185213477,,,,,,,,,,,,,,,,,,,,,,,,,,,,,,,,,,,,,,,,,,,,,,59.000000,128.000000,185.000000,153.000000,29.000000,40.000000,32.000000,126.000000,1762742150,180053247
1762742150,190183192,,,,,,,,,,,,,,,,,,,,,,,,,,,,,,,,,,,,,,,,,,,,,,59.000000,128.000000,185.000000,153.000000,29.000000,40.000000,32.000000,126.000000,1762742150,188605324
1762742150,195438691,,,,,,,,,,,,,,,,,,,,,,,,,,,,,,,,,,,,,,,,,,,,,,59.000000,128.000000,185.000000,153.000000,29.000000,40.000000,32.000000,126.000000,1762742150,195061711
1762742150,200219327,,,,,,,,,,,,,,,,,,,,,,,,,,,,,,,,,,,,,,,,,,,,,,59.000000,128.000000,185.000000,153.000000,29.000000,40.000000,32.000000,126.000000,1762742150,195061711
1762742150,205203559,,,,,,,,,,,,,,,,,,,,,,,,,,,,,,,,,,,,,,,,,,,,,,59.000000,128.000000,185.000000,153.000000,29.000000,40.000000,32.000000,126.000000,1762742150,201572895
1762742150,210498811,,,,,,,,,,,,,,,,,,,,,,,,,,,,,,,,,,,,,,,,,,,,,,56.000000,126.000000,155.000000,152.000000,31.000000,36.000000,29.000000,125.000000,1762742150,209855331
1762742150,215250931,,,,,,,,,,,,,,,,,,,,,,,,,,,,,,,,,,,,,,,,,,,,,,56.000000,126.000000,155.000000,152.000000,31.000000,36.000000,29.000000,125.000000,1762742150,209855331
1762742150,220261281,,,,,,,,,,,,,,,,,,,,,,,,,,,,,,,,,,,,,,,,,,,,,,56.000000,126.000000,155.000000,152.000000,31.000000,36.000000,29.000000,125.000000,1762742150,209855331
1762742150,225201984,,,,,,,,,,,,,,,,,,,,,,,,,,,,,,,,,,,,,,,,,,,,,,56.000000,126.000000,155.000000,152.000000,31.000000,36.000000,29.000000,125.000000,1762742150,223496744
1762742150,230215960,,,,,,,,,,,,,,,,,,,,,,,,,,,,,,,,,,,,,,,,,,,,,,56.000000,126.000000,155.000000,152.000000,31.000000,36.000000,29.000000,125.000000,1762742150,223496744
1762742150,235188806,,,,,,,,,,,,,,,,,,,,,,,,,,,,,,,,,,,,,,,,,,,,,,63.000000,84.000000,158.000000,150.000000,31.000000,36.000000,27.000000,151.000000,1762742150,231580303
1762742150,240213241,,,,,,,,,,,,,,,,,,,,,,,,,,,,,,,,,,,,,,,,,,,,,,63.000000,84.000000,158.000000,150.000000,31.000000,36.000000,27.000000,151.000000,1762742150,231580303
1762742150,245184768,,,,,,,,,,,,,,,,,,,,,,,,,,,,,,,,,,,,,,,,,,,,,,62.000000,95.000000,163.000000,156.000000,30.000000,32.000000,31.000000,134.000000,1762742150,241115264
1762742150,250205732,,,,,,,,,,,,,,,,,,,,,,,,,,,,,,,,,,,,,,,,,,,,,,62.000000,95.000000,163.000000,156.000000,30.000000,32.000000,31.000000,134.000000,1762742150,249323872
1762742150,255181044,,,,,,,,,,,,,,,,,,,,,,,,,,,,,,,,,,,,,,,,,,,,,,62.000000,95.000000,163.000000,156.000000,30.000000,32.000000,31.000000,134.000000,1762742150,249323872
1762742150,260178273,,,,,,,,,,,,,,,,,,,,,,,,,,,,,,,,,,,,,,,,,,,,,,62.000000,95.000000,163.000000,156.000000,30.000000,32.000000,31.000000,134.000000,1762742150,249323872
1762742150,265201478,,,,,,,,,,,,,,,,,,,,,,,,,,,,,,,,,,,,,,,,,,,,,,65.000000,115.000000,166.000000,156.000000,30.000000,33.000000,30.000000,124.000000,1762742150,264053785
1762742150,270242747,,,,,,,,,,,,,,,,,,,,,,,,,,,,,,,,,,,,,,,,,,,,,,65.000000,115.000000,166.000000,156.000000,30.000000,33.000000,30.000000,124.000000,1762742150,264053785
1762742150,275231333,,,,,,,,,,,,,,,,,,,,,,,,,,,,,,,,,,,,,,,,,,,,,,65.000000,115.000000,166.000000,156.000000,30.000000,33.000000,30.000000,124.000000,1762742150,273858662
1762742150,280232763,,,,,,,,,,,,,,,,,,,,,,,,,,,,,,,,,,,,,,,,,,,,,,65.000000,115.000000,166.000000,156.000000,30.000000,33.000000,30.000000,124.000000,1762742150,273858662
1762742150,285473191,,,,,,,,,,,,,,,,,,,,,,,,,,,,,,,,,,,,,,,,,,,,,,65.000000,115.000000,166.000000,156.000000,30.000000,33.000000,30.000000,124.000000,1762742150,284831314
1762742150,290202657,,,,,,,,,,,,,,,,,,,,,,,,,,,,,,,,,,,,,,,,,,,,,,65.000000,115.000000,166.000000,156.000000,30.000000,33.000000,30.000000,124.000000,1762742150,288902312
1762742150,295589467,,,,,,,,,,,,,,,,,,,,,,,,,,,,,,,,,,,,,,,,,,,,,,60.000000,117.000000,174.000000,130.000000,28.000000,30.000000,29.000000,119.000000,1762742150,295196918
1762742150,300233553,,,,,,,,,,,,,,,,,,,,,,,,,,,,,,,,,,,,,,,,,,,,,,60.000000,117.000000,174.000000,130.000000,28.000000,30.000000,29.000000,119.000000,1762742150,295196918
1762742150,305204692,,,,,,,,,,,,,,,,,,,,,,,,,,,,,,,,,,,,,,,,,,,,,,60.000000,117.000000,174.000000,130.000000,28.000000,30.000000,29.000000,119.000000,1762742150,304571165
1762742150,310194801,,,,,,,,,,,,,,,,,,,,,,,,,,,,,,,,,,,,,,,,,,,,,,60.000000,117.000000,174.000000,130.000000,28.000000,30.000000,29.000000,119.000000,1762742150,304571165
1762742150,315243121,,,,,,,,,,,,,,,,,,,,,,,,,,,,,,,,,,,,,,,,,,,,,,61.000000,100.000000,182.000000,141.000000,25.000000,28.000000,26.000000,116.000000,1762742150,311074712
1762742150,320174630,,,,,,,,,,,,,,,,,,,,,,,,,,,,,,,,,,,,,,,,,,,,,,61.000000,100.000000,182.000000,141.000000,25.000000,28.000000,26.000000,116.000000,1762742150,319132751
1762742150,325179548,,,,,,,,,,,,,,,,,,,,,,,,,,,,,,,,,,,,,,,,,,,,,,61.000000,100.000000,182.000000,141.000000,25.000000,28.000000,26.000000,116.000000,1762742150,319132751
1762742150,330334375,,,,,,,,,,,,,,,,,,,,,,,,,,,,,,,,,,,,,,,,,,,,,,53.000000,103.000000,173.000000,156.000000,27.000000,28.000000,28.000000,120.000000,1762742150,329763606
1762742150,335229143,,,,,,,,,,,,,,,,,,,,,,,,,,,,,,,,,,,,,,,,,,,,,,53.000000,103.000000,173.000000,156.000000,27.000000,28.000000,28.000000,120.000000,1762742150,329763606
1762742150,340213950,,,,,,,,,,,,,,,,,,,,,,,,,,,,,,,,,,,,,,,,,,,,,,53.000000,103.000000,173.000000,156.000000,27.000000,28.000000,28.000000,120.000000,1762742150,338943078
1762742150,345290754,,,,,,,,,,,,,,,,,,,,,,,,,,,,,,,,,,,,,,,,,,,,,,53.000000,103.000000,173.000000,156.000000,27.000000,28.000000,28.000000,120.000000,1762742150,338943078
1762742150,350516493,,,,,,,,,,,,,,,,,,,,,,,,,,,,,,,,,,,,,,,,,,,,,,53.000000,103.000000,173.000000,156.000000,27.000000,28.000000,28.000000,120.000000,1762742150,349181721
1762742150,355239027,,,,,,,,,,,,,,,,,,,,,,,,,,,,,,,,,,,,,,,,,,,,,,53.000000,103.000000,173.000000,156.000000,27.000000,28.000000,28.000000,120.000000,1762742150,349181721
1762742150,360268340,,,,,,,,,,,,,,,,,,,,,,,,,,,,,,,,,,,,,,,,,,,,,,51.000000,90.000000,163.000000,158.000000,26.000000,26.000000,28.000000,115.000000,1762742150,356006118
1762742150,365205206,,,,,,,,,,,,,,,,,,,,,,,,,,,,,,,,,,,,,,,,,,,,,,51.000000,90.000000,163.000000,158.000000,26.000000,26.000000,28.000000,115.000000,1762742150,364066801
1762742150,371032543,,,,,,,,,,,,,,,,,,,,,,,,,,,,,,,,,,,,,,,,,,,,,,43.000000,61.000000,148.000000,156.000000,28.000000,22.000000,27.000000,116.000000,1762742150,369821620
1762742150,375947511,,,,,,,,,,,,,,,,,,,,,,,,,,,,,,,,,,,,,,,,,,,,,,43.000000,61.000000,148.000000,156.000000,28.000000,22.000000,27.000000,116.000000,1762742150,375278331
1762742150,380447784,,,,,,,,,,,,,,,,,,,,,,,,,,,,,,,,,,,,,,,,,,,,,,43.000000,61.000000,148.000000,156.000000,28.000000,22.000000,27.000000,116.000000,1762742150,379249927
1762742150,385274132,,,,,,,,,,,,,,,,,,,,,,,,,,,,,,,,,,,,,,,,,,,,,,43.000000,61.000000,148.000000,156.000000,28.000000,22.000000,27.000000,116.000000,1762742150,379249927
1762742150,390548382,,,,,,,,,,,,,,,,,,,,,,,,,,,,,,,,,,,,,,,,,,,,,,43.000000,61.000000,148.000000,156.000000,28.000000,22.000000,27.000000,116.000000,1762742150,379249927
1762742150,395515545,,,,,,,,,,,,,,,,,,,,,,,,,,,,,,,,,,,,,,,,,,,,,,44.000000,58.000000,143.000000,177.000000,37.000000,35.000000,33.000000,188.000000,1762742150,393232493
1762742150,400237522,,,,,,,,,,,,,,,,,,,,,,,,,,,,,,,,,,,,,,,,,,,,,,44.000000,58.000000,143.000000,177.000000,37.000000,35.000000,33.000000,188.000000,1762742150,396302305
1762742150,405222801,,,,,,,,,,,,,,,,,,,,,,,,,,,,,,,,,,,,,,,,,,,,,,44.000000,51.000000,155.000000,197.000000,53.000000,46.000000,42.000000,204.000000,1762742150,404288587
1762742150,410293619,,,,,,,,,,,,,,,,,,,,,,,,,,,,,,,,,,,,,,,,,,,,,,44.000000,51.000000,155.000000,197.000000,53.000000,46.000000,42.000000,204.000000,1762742150,404288587
1762742150,415241322,,,,,,,,,,,,,,,,,,,,,,,,,,,,,,,,,,,,,,,,,,,,,,44.000000,51.000000,155.000000,197.000000,53.000000,46.000000,42.000000,204.000000,1762742150,410868975
1762742150,420811014,,,,,,,,,,,,,,,,,,,,,,,,,,,,,,,,,,,,,,,,,,,,,,44.000000,51.000000,155.000000,197.000000,53.000000,46.000000,42.000000,204.000000,1762742150,419055931
1762742150,425263536,,,,,,,,,,,,,,,,,,,,,,,,,,,,,,,,,,,,,,,,,,,,,,44.000000,51.000000,155.000000,197.000000,53.000000,46.000000,42.000000,204.000000,1762742150,419055931
1762742150,430412905,,,,,,,,,,,,,,,,,,,,,,,,,,,,,,,,,,,,,,,,,,,,,,53.000000,44.000000,205.000000,230.000000,75.000000,53.000000,47.000000,200.000000,1762742150,429462970
1762742150,435226264,,,,,,,,,,,,,,,,,,,,,,,,,,,,,,,,,,,,,,,,,,,,,,53.000000,44.000000,205.000000,230.000000,75.000000,53.000000,47.000000,200.000000,1762742150,429462970
1762742150,440220774,,,,,,,,,,,,,,,,,,,,,,,,,,,,,,,,,,,,,,,,,,,,,,53.000000,44.000000,205.000000,230.000000,75.000000,53.000000,47.000000,200.000000,1762742150,435977846
1762742150,445228613,,,,,,,,,,,,,,,,,,,,,,,,,,,,,,,,,,,,,,,,,,,,,,53.000000,44.000000,205.000000,230.000000,75.000000,53.000000,47.000000,200.000000,1762742150,443462129
1762742150,450275118,,,,,,,,,,,,,,,,,,,,,,,,,,,,,,,,,,,,,,,,,,,,,,53.000000,43.000000,217.000000,273.000000,85.000000,57.000000,72.000000,201.000000,1762742150,448871551
1762742150,455363784,,,,,,,,,,,,,,,,,,,,,,,,,,,,,,,,,,,,,,,,,,,,,,53.000000,43.000000,217.000000,273.000000,85.000000,57.000000,72.000000,201.000000,1762742150,454411348
1762742150,460332617,,,,,,,,,,,,,,,,,,,,,,,,,,,,,,,,,,,,,,,,,,,,,,53.000000,43.000000,217.000000,273.000000,85.000000,57.000000,72.000000,201.000000,1762742150,459292875
1762742150,465327797,,,,,,,,,,,,,,,,,,,,,,,,,,,,,,,,,,,,,,,,,,,,,,53.000000,43.000000,217.000000,273.000000,85.000000,57.000000,72.000000,201.000000,1762742150,459292875
1762742150,470570268,,,,,,,,,,,,,,,,,,,,,,,,,,,,,,,,,,,,,,,,,,,,,,92.000000,54.000000,224.000000,276.000000,92.000000,57.000000,75.000000,201.000000,1762742150,467739621
1762742150,476253575,,,,,,,,,,,,,,,,,,,,,,,,,,,,,,,,,,,,,,,,,,,,,,92.000000,54.000000,224.000000,276.000000,92.000000,57.000000,75.000000,201.000000,1762742150,475516830
1762742150,480562594,,,,,,,,,,,,,,,,,,,,,,,,,,,,,,,,,,,,,,,,,,,,,,92.000000,54.000000,224.000000,276.000000,92.000000,57.000000,75.000000,201.000000,1762742150,475516830
1762742150,485215941,,,,,,,,,,,,,,,,,,,,,,,,,,,,,,,,,,,,,,,,,,,,,,92.000000,54.000000,224.000000,276.000000,92.000000,57.000000,75.000000,201.000000,1762742150,481968063
1762742150,490231551,,,,,,,,,,,,,,,,,,,,,,,,,,,,,,,,,,,,,,,,,,,,,,92.000000,54.000000,224.000000,276.000000,92.000000,57.000000,75.000000,201.000000,1762742150,489552858
1762742150,495311414,,,,,,,,,,,,,,,,,,,,,,,,,,,,,,,,,,,,,,,,,,,,,,92.000000,54.000000,224.000000,276.000000,92.000000,57.000000,75.000000,201.000000,1762742150,489552858
1762742150,500227402,,,,,,,,,,,,,,,,,,,,,,,,,,,,,,,,,,,,,,,,,,,,,,162.000000,215.000000,289.000000,369.000000,148.000000,59.000000,76.000000,135.000000,1762742150,498365858
1762742150,505223279,,,,,,,,,,,,,,,,,,,,,,,,,,,,,,,,,,,,,,,,,,,,,,162.000000,215.000000,289.000000,369.000000,148.000000,59.000000,76.000000,135.000000,1762742150,500874551
1762742150,510186911,,,,,,,,,,,,,,,,,,,,,,,,,,,,,,,,,,,,,,,,,,,,,,165.000000,329.000000,304.000000,373.000000,179.000000,54.000000,76.000000,112.000000,1762742150,509538339
1762742150,515212888,,,,,,,,,,,,,,,,,,,,,,,,,,,,,,,,,,,,,,,,,,,,,,165.000000,329.000000,304.000000,373.000000,179.000000,54.000000,76.000000,112.000000,1762742150,509538339
1762742150,520216985,,,,,,,,,,,,,,,,,,,,,,,,,,,,,,,,,,,,,,,,,,,,,,165.000000,329.000000,304.000000,373.000000,179.000000,54.000000,76.000000,112.000000,1762742150,516196790
1762742150,525259546,,,,,,,,,,,,,,,,,,,,,,,,,,,,,,,,,,,,,,,,,,,,,,165.000000,329.000000,304.000000,373.000000,179.000000,54.000000,76.000000,112.000000,1762742150,523492803
1762742150,530199716,,,,,,,,,,,,,,,,,,,,,,,,,,,,,,,,,,,,,,,,,,,,,,165.000000,329.000000,304.000000,373.000000,179.000000,54.000000,76.000000,112.000000,1762742150,529202212
1762742150,535263928,,,,,,,,,,,,,,,,,,,,,,,,,,,,,,,,,,,,,,,,,,,,,,170.000000,392.000000,363.000000,359.000000,180.000000,50.000000,74.000000,76.000000,1762742150,534614315
1762742150,540404152,,,,,,,,,,,,,,,,,,,,,,,,,,,,,,,,,,,,,,,,,,,,,,170.000000,392.000000,363.000000,359.000000,180.000000,50.000000,74.000000,76.000000,1762742150,539391834
1762742150,545234991,,,,,,,,,,,,,,,,,,,,,,,,,,,,,,,,,,,,,,,,,,,,,,170.000000,392.000000,363.000000,359.000000,180.000000,50.000000,74.000000,76.000000,1762742150,539391834
1762742150,550265970,,,,,,,,,,,,,,,,,,,,,,,,,,,,,,,,,,,,,,,,,,,,,,170.000000,392.000000,363.000000,359.000000,180.000000,50.000000,74.000000,76.000000,1762742150,546915493
1762742150,555406597,,,,,,,,,,,,,,,,,,,,,,,,,,,,,,,,,,,,,,,,,,,,,,175.000000,415.000000,384.000000,346.000000,180.000000,47.000000,53.000000,120.000000,1762742150,555009301
1762742150,560320071,,,,,,,,,,,,,,,,,,,,,,,,,,,,,,,,,,,,,,,,,,,,,,175.000000,415.000000,384.000000,346.000000,180.000000,47.000000,53.000000,120.000000,1762742150,555009301
1762742150,565205838,,,,,,,,,,,,,,,,,,,,,,,,,,,,,,,,,,,,,,,,,,,,,,180.000000,436.000000,450.000000,358.000000,181.000000,49.000000,50.000000,126.000000,1762742150,563879443
1762742150,570255297,,,,,,,,,,,,,,,,,,,,,,,,,,,,,,,,,,,,,,,,,,,,,,180.000000,436.000000,450.000000,358.000000,181.000000,49.000000,50.000000,126.000000,1762742150,563879443
1762742150,575266764,,,,,,,,,,,,,,,,,,,,,,,,,,,,,,,,,,,,,,,,,,,,,,180.000000,436.000000,450.000000,358.000000,181.000000,49.000000,50.000000,126.000000,1762742150,570453620
1762742150,580214857,,,,,,,,,,,,,,,,,,,,,,,,,,,,,,,,,,,,,,,,,,,,,,180.000000,436.000000,450.000000,358.000000,181.000000,49.000000,50.000000,126.000000,1762742150,579110277
1762742150,585291753,,,,,,,,,,,,,,,,,,,,,,,,,,,,,,,,,,,,,,,,,,,,,,180.000000,436.000000,450.000000,358.000000,181.000000,49.000000,50.000000,126.000000,1762742150,579110277
1762742150,590202721,,,,,,,,,,,,,,,,,,,,,,,,,,,,,,,,,,,,,,,,,,,,,,158.000000,537.000000,453.000000,278.000000,140.000000,38.000000,46.000000,127.000000,1762742150,587697217
1762742150,595266567,,,,,,,,,,,,,,,,,,,,,,,,,,,,,,,,,,,,,,,,,,,,,,158.000000,537.000000,453.000000,278.000000,140.000000,38.000000,46.000000,127.000000,1762742150,587697217
1762742150,600290636,,,,,,,,,,,,,,,,,,,,,,,,,,,,,,,,,,,,,,,,,,,,,,158.000000,537.000000,453.000000,278.000000,140.000000,38.000000,46.000000,127.000000,1762742150,595481973
1762742150,605201025,,,,,,,,,,,,,,,,,,,,,,,,,,,,,,,,,,,,,,,,,,,,,,158.000000,537.000000,453.000000,278.000000,140.000000,38.000000,46.000000,127.000000,1762742150,603445236
1762742150,610199039,,,,,,,,,,,,,,,,,,,,,,,,,,,,,,,,,,,,,,,,,,,,,,169.000000,519.000000,490.000000,256.000000,97.000000,34.000000,38.000000,127.000000,1762742150,609156660
1762742150,615196031,,,,,,,,,,,,,,,,,,,,,,,,,,,,,,,,,,,,,,,,,,,,,,169.000000,519.000000,490.000000,256.000000,97.000000,34.000000,38.000000,127.000000,1762742150,614279485
1762742150,620289577,,,,,,,,,,,,,,,,,,,,,,,,,,,,,,,,,,,,,,,,,,,,,,169.000000,519.000000,490.000000,256.000000,97.000000,34.000000,38.000000,127.000000,1762742150,619338197
1762742150,625281192,,,,,,,,,,,,,,,,,,,,,,,,,,,,,,,,,,,,,,,,,,,,,,169.000000,519.000000,490.000000,256.000000,97.000000,34.000000,38.000000,127.000000,1762742150,619338197
1762742150,630215236,,,,,,,,,,,,,,,,,,,,,,,,,,,,,,,,,,,,,,,,,,,,,,169.000000,519.000000,490.000000,256.000000,97.000000,34.000000,38.000000,127.000000,1762742150,619338197
1762742150,635444536,,,,,,,,,,,,,,,,,,,,,,,,,,,,,,,,,,,,,,,,,,,,,,181.000000,495.000000,443.000000,252.000000,83.000000,31.000000,36.000000,126.000000,1762742150,634793998
1762742150,640218383,,,,,,,,,,,,,,,,,,,,,,,,,,,,,,,,,,,,,,,,,,,,,,181.000000,495.000000,443.000000,252.000000,83.000000,31.000000,36.000000,126.000000,1762742150,634793998
1762742150,645209651,,,,,,,,,,,,,,,,,,,,,,,,,,,,,,,,,,,,,,,,,,,,,,181.000000,495.000000,443.000000,252.000000,83.000000,31.000000,36.000000,126.000000,1762742150,640399667
1762742150,650206954,,,,,,,,,,,,,,,,,,,,,,,,,,,,,,,,,,,,,,,,,,,,,,182.000000,495.000000,436.000000,220.000000,74.000000,29.000000,30.000000,80.000000,1762742150,649014646
1762742150,655203280,,,,,,,,,,,,,,,,,,,,,,,,,,,,,,,,,,,,,,,,,,,,,,182.000000,495.000000,436.000000,220.000000,74.000000,29.000000,30.000000,80.000000,1762742150,649014646
1762742150,660217179,,,,,,,,,,,,,,,,,,,,,,,,,,,,,,,,,,,,,,,,,,,,,,182.000000,495.000000,436.000000,220.000000,74.000000,29.000000,30.000000,80.000000,1762742150,659264641
1762742150,665408710,,,,,,,,,,,,,,,,,,,,,,,,,,,,,,,,,,,,,,,,,,,,,,182.000000,495.000000,436.000000,220.000000,74.000000,29.000000,30.000000,80.000000,1762742150,659264641
1762742150,671656510,,,,,,,,,,,,,,,,,,,,,,,,,,,,,,,,,,,,,,,,,,,,,,168.000000,481.000000,371.000000,224.000000,70.000000,25.000000,26.000000,70.000000,1762742150,670485131
1762742150,677346239,,,,,,,,,,,,,,,,,,,,,,,,,,,,,,,,,,,,,,,,,,,,,,168.000000,481.000000,371.000000,224.000000,70.000000,25.000000,26.000000,70.000000,1762742150,677223801
1762742150,680213356,,,,,,,,,,,,,,,,,,,,,,,,,,,,,,,,,,,,,,,,,,,,,,168.000000,481.000000,371.000000,224.000000,70.000000,25.000000,26.000000,70.000000,1762742150,677223801
1762742150,685373654,,,,,,,,,,,,,,,,,,,,,,,,,,,,,,,,,,,,,,,,,,,,,,156.000000,316.000000,319.000000,200.000000,78.000000,26.000000,26.000000,63.000000,1762742150,684968773
1762742150,690340338,,,,,,,,,,,,,,,,,,,,,,,,,,,,,,,,,,,,,,,,,,,,,,156.000000,316.000000,319.000000,200.000000,78.000000,26.000000,26.000000,63.000000,1762742150,684968773
1762742150,695361953,,,,,,,,,,,,,,,,,,,,,,,,,,,,,,,,,,,,,,,,,,,,,,156.000000,316.000000,319.000000,200.000000,78.000000,26.000000,26.000000,63.000000,1762742150,694431898
1762742150,700268978,,,,,,,,,,,,,,,,,,,,,,,,,,,,,,,,,,,,,,,,,,,,,,156.000000,316.000000,319.000000,200.000000,78.000000,26.000000,26.000000,63.000000,1762742150,698923041
1762742150,705412241,,,,,,,,,,,,,,,,,,,,,,,,,,,,,,,,,,,,,,,,,,,,,,153.000000,249.000000,280.000000,204.000000,74.000000,27.000000,27.000000,59.000000,1762742150,705009445
1762742150,710253022,,,,,,,,,,,,,,,,,,,,,,,,,,,,,,,,,,,,,,,,,,,,,,153.000000,249.000000,280.000000,204.000000,74.000000,27.000000,27.000000,59.000000,1762742150,705009445
1762742150,715400817,,,,,,,,,,,,,,,,,,,,,,,,,,,,,,,,,,,,,,,,,,,,,,153.000000,249.000000,280.000000,204.000000,74.000000,27.000000,27.000000,59.000000,1762742150,714423262
1762742150,721835980,,,,,,,,,,,,,,,,,,,,,,,,,,,,,,,,,,,,,,,,,,,,,,153.000000,249.000000,280.000000,204.000000,74.000000,27.000000,27.000000,59.000000,1762742150,720105700
1762742150,725281773,,,,,,,,,,,,,,,,,,,,,,,,,,,,,,,,,,,,,,,,,,,,,,153.000000,249.000000,280.000000,204.000000,74.000000,27.000000,27.000000,59.000000,1762742150,720105700
1762742150,730216859,,,,,,,,,,,,,,,,,,,,,,,,,,,,,,,,,,,,,,,,,,,,,,134.000000,219.000000,257.000000,189.000000,69.000000,26.000000,29.000000,116.000000,1762742150,728438029
1762742150,735238084,,,,,,,,,,,,,,,,,,,,,,,,,,,,,,,,,,,,,,,,,,,,,,134.000000,219.000000,257.000000,189.000000,69.000000,26.000000,29.000000,116.000000,1762742150,728438029
1762742150,740404587,,,,,,,,,,,,,,,,,,,,,,,,,,,,,,,,,,,,,,,,,,,,,,134.000000,219.000000,257.000000,189.000000,69.000000,26.000000,29.000000,116.000000,1762742150,739500359
1762742150,745323584,,,,,,,,,,,,,,,,,,,,,,,,,,,,,,,,,,,,,,,,,,,,,,134.000000,219.000000,257.000000,189.000000,69.000000,26.000000,29.000000,116.000000,1762742150,739500359
1762742150,750404634,,,,,,,,,,,,,,,,,,,,,,,,,,,,,,,,,,,,,,,,,,,,,,134.000000,189.000000,255.000000,228.000000,75.000000,26.000000,28.000000,118.000000,1762742150,749694842
1762742150,755253306,,,,,,,,,,,,,,,,,,,,,,,,,,,,,,,,,,,,,,,,,,,,,,134.000000,189.000000,255.000000,228.000000,75.000000,26.000000,28.000000,118.000000,1762742150,749694842
1762742150,760631735,,,,,,,,,,,,,,,,,,,,,,,,,,,,,,,,,,,,,,,,,,,,,,134.000000,189.000000,255.000000,228.000000,75.000000,26.000000,28.000000,118.000000,1762742150,760055375
1762742150,765384297,,,,,,,,,,,,,,,,,,,,,,,,,,,,,,,,,,,,,,,,,,,,,,134.000000,189.000000,255.000000,228.000000,75.000000,26.000000,28.000000,118.000000,1762742150,760055375
1762742150,770306793,,,,,,,,,,,,,,,,,,,,,,,,,,,,,,,,,,,,,,,,,,,,,,134.000000,189.000000,255.000000,228.000000,75.000000,26.000000,28.000000,118.000000,1762742150,760055375
1762742150,775246095,,,,,,,,,,,,,,,,,,,,,,,,,,,,,,,,,,,,,,,,,,,,,,128.000000,183.000000,246.000000,193.000000,67.000000,26.000000,30.000000,122.000000,1762742150,771212837
1762742150,780198122,,,,,,,,,,,,,,,,,,,,,,,,,,,,,,,,,,,,,,,,,,,,,,128.000000,183.000000,246.000000,193.000000,67.000000,26.000000,30.000000,122.000000,1762742150,779013907
1762742150,785281901,,,,,,,,,,,,,,,,,,,,,,,,,,,,,,,,,,,,,,,,,,,,,,128.000000,183.000000,246.000000,193.000000,67.000000,26.000000,30.000000,122.000000,1762742150,779013907
1762742150,790353432,,,,,,,,,,,,,,,,,,,,,,,,,,,,,,,,,,,,,,,,,,,,,,99.000000,172.000000,245.000000,207.000000,53.000000,24.000000,30.000000,142.000000,1762742150,789771891
1762742150,795362721,,,,,,,,,,,,,,,,,,,,,,,,,,,,,,,,,,,,,,,,,,,,,,99.000000,172.000000,245.000000,207.000000,53.000000,24.000000,30.000000,142.000000,1762742150,794723579
1762742150,800200672,,,,,,,,,,,,,,,,,,,,,,,,,,,,,,,,,,,,,,,,,,,,,,99.000000,172.000000,245.000000,207.000000,53.000000,24.000000,30.000000,142.000000,1762742150,794723579
1762742150,805186149,,,,,,,,,,,,,,,,,,,,,,,,,,,,,,,,,,,,,,,,,,,,,,99.000000,172.000000,245.000000,207.000000,53.000000,24.000000,30.000000,142.000000,1762742150,794723579
1762742150,810181149,,,,,,,,,,,,,,,,,,,,,,,,,,,,,,,,,,,,,,,,,,,,,,104.000000,189.000000,232.000000,213.000000,57.000000,24.000000,30.000000,148.000000,1762742150,809127392
1762742150,815230614,,,,,,,,,,,,,,,,,,,,,,,,,,,,,,,,,,,,,,,,,,,,,,104.000000,189.000000,232.000000,213.000000,57.000000,24.000000,30.000000,148.000000,1762742150,809127392
1762742150,821814680,,,,,,,,,,,,,,,,,,,,,,,,,,,,,,,,,,,,,,,,,,,,,,104.000000,189.000000,232.000000,213.000000,57.000000,24.000000,30.000000,148.000000,1762742150,817547808
1762742150,825223175,,,,,,,,,,,,,,,,,,,,,,,,,,,,,,,,,,,,,,,,,,,,,,104.000000,189.000000,232.000000,213.000000,57.000000,24.000000,30.000000,148.000000,1762742150,821978805
1762742150,831025776,,,,,,,,,,,,,,,,,,,,,,,,,,,,,,,,,,,,,,,,,,,,,,107.000000,207.000000,227.000000,220.000000,63.000000,24.000000,27.000000,114.000000,1762742150,829818943
1762742150,835228846,,,,,,,,,,,,,,,,,,,,,,,,,,,,,,,,,,,,,,,,,,,,,,107.000000,207.000000,227.000000,220.000000,63.000000,24.000000,27.000000,114.000000,1762742150,829818943
1762742150,840213095,,,,,,,,,,,,,,,,,,,,,,,,,,,,,,,,,,,,,,,,,,,,,,107.000000,207.000000,227.000000,220.000000,63.000000,24.000000,27.000000,114.000000,1762742150,838673534
1762742150,845216986,,,,,,,,,,,,,,,,,,,,,,,,,,,,,,,,,,,,,,,,,,,,,,107.000000,207.000000,227.000000,220.000000,63.000000,24.000000,27.000000,114.000000,1762742150,838673534
1762742150,850495931,,,,,,,,,,,,,,,,,,,,,,,,,,,,,,,,,,,,,,,,,,,,,,107.000000,207.000000,227.000000,220.000000,63.000000,24.000000,27.000000,114.000000,1762742150,845691434
1762742150,855149928,,,,,,,,,,,,,,,,,,,,,,,,,,,,,,,,,,,,,,,,,,,,,,98.000000,199.000000,207.000000,182.000000,54.000000,24.000000,29.000000,111.000000,1762742150,854570569
1762742150,860207166,,,,,,,,,,,,,,,,,,,,,,,,,,,,,,,,,,,,,,,,,,,,,,98.000000,199.000000,207.000000,182.000000,54.000000,24.000000,29.000000,111.000000,1762742150,854570569
1762742150,865178048,,,,,,,,,,,,,,,,,,,,,,,,,,,,,,,,,,,,,,,,,,,,,,97.000000,203.000000,230.000000,182.000000,54.000000,24.000000,29.000000,134.000000,1762742150,862202003
1762742150,870907596,,,,,,,,,,,,,,,,,,,,,,,,,,,,,,,,,,,,,,,,,,,,,,97.000000,203.000000,230.000000,182.000000,54.000000,24.000000,29.000000,134.000000,1762742150,869757394
1762742150,875200368,,,,,,,,,,,,,,,,,,,,,,,,,,,,,,,,,,,,,,,,,,,,,,97.000000,203.000000,230.000000,182.000000,54.000000,24.000000,29.000000,134.000000,1762742150,874068125
1762742150,880247493,,,,,,,,,,,,,,,,,,,,,,,,,,,,,,,,,,,,,,,,,,,,,,97.000000,203.000000,230.000000,182.000000,54.000000,24.000000,29.000000,134.000000,1762742150,879066930
1762742150,885639798,,,,,,,,,,,,,,,,,,,,,,,,,,,,,,,,,,,,,,,,,,,,,,104.000000,188.000000,221.000000,172.000000,51.000000,28.000000,34.000000,124.000000,1762742150,884796077
1762742150,890358619,,,,,,,,,,,,,,,,,,,,,,,,,,,,,,,,,,,,,,,,,,,,,,104.000000,188.000000,221.000000,172.000000,51.000000,28.000000,34.000000,124.000000,1762742150,884796077
1762742150,895299516,,,,,,,,,,,,,,,,,,,,,,,,,,,,,,,,,,,,,,,,,,,,,,104.000000,188.000000,221.000000,172.000000,51.000000,28.000000,34.000000,124.000000,1762742150,884796077
1762742150,900300485,,,,,,,,,,,,,,,,,,,,,,,,,,,,,,,,,,,,,,,,,,,,,,104.000000,188.000000,221.000000,172.000000,51.000000,28.000000,34.000000,124.000000,1762742150,896379076
1762742150,905181997,,,,,,,,,,,,,,,,,,,,,,,,,,,,,,,,,,,,,,,,,,,,,,104.000000,188.000000,221.000000,172.000000,51.000000,28.000000,34.000000,124.000000,1762742150,903576902
1762742150,910203706,,,,,,,,,,,,,,,,,,,,,,,,,,,,,,,,,,,,,,,,,,,,,,104.000000,188.000000,221.000000,172.000000,51.000000,28.000000,34.000000,124.000000,1762742150,903576902
1762742150,915184681,,,,,,,,,,,,,,,,,,,,,,,,,,,,,,,,,,,,,,,,,,,,,,84.000000,158.000000,187.000000,162.000000,52.000000,30.000000,37.000000,194.000000,1762742150,912347611
1762742150,920222935,,,,,,,,,,,,,,,,,,,,,,,,,,,,,,,,,,,,,,,,,,,,,,84.000000,158.000000,187.000000,162.000000,52.000000,30.000000,37.000000,194.000000,1762742150,912347611
1762742150,925200019,,,,,,,,,,,,,,,,,,,,,,,,,,,,,,,,,,,,,,,,,,,,,,84.000000,158.000000,187.000000,162.000000,52.000000,30.000000,37.000000,194.000000,1762742150,920687240
1762742150,930256076,,,,,,,,,,,,,,,,,,,,,,,,,,,,,,,,,,,,,,,,,,,,,,121.000000,122.000000,219.000000,162.000000,48.000000,29.000000,39.000000,199.000000,1762742150,928890814
1762742150,935179636,,,,,,,,,,,,,,,,,,,,,,,,,,,,,,,,,,,,,,,,,,,,,,121.000000,122.000000,219.000000,162.000000,48.000000,29.000000,39.000000,199.000000,1762742150,928890814
1762742150,940174019,,,,,,,,,,,,,,,,,,,,,,,,,,,,,,,,,,,,,,,,,,,,,,121.000000,122.000000,219.000000,162.000000,48.000000,29.000000,39.000000,199.000000,1762742150,938826466
1762742150,945187032,,,,,,,,,,,,,,,,,,,,,,,,,,,,,,,,,,,,,,,,,,,,,,121.000000,122.000000,219.000000,162.000000,48.000000,29.000000,39.000000,199.000000,1762742150,938826466
1762742150,950222773,,,,,,,,,,,,,,,,,,,,,,,,,,,,,,,,,,,,,,,,,,,,,,123.000000,110.000000,219.000000,169.000000,53.000000,31.000000,49.000000,208.000000,1762742150,948785033
1762742150,955187196,,,,,,,,,,,,,,,,,,,,,,,,,,,,,,,,,,,,,,,,,,,,,,123.000000,110.000000,219.000000,169.000000,53.000000,31.000000,49.000000,208.000000,1762742150,948785033
1762742150,960237674,,,,,,,,,,,,,,,,,,,,,,,,,,,,,,,,,,,,,,,,,,,,,,123.000000,110.000000,219.000000,169.000000,53.000000,31.000000,49.000000,208.000000,1762742150,958847565
1762742150,965355709,,,,,,,,,,,,,,,,,,,,,,,,,,,,,,,,,,,,,,,,,,,,,,123.000000,110.000000,219.000000,169.000000,53.000000,31.000000,49.000000,208.000000,1762742150,958847565
1762742150,970233904,,,,,,,,,,,,,,,,,,,,,,,,,,,,,,,,,,,,,,,,,,,,,,123.000000,110.000000,219.000000,169.000000,53.000000,31.000000,49.000000,208.000000,1762742150,965948118
1762742150,975203874,,,,,,,,,,,,,,,,,,,,,,,,,,,,,,,,,,,,,,,,,,,,,,123.000000,110.000000,219.000000,169.000000,53.000000,31.000000,49.000000,208.000000,1762742150,970731010
1762742150,980183368,,,,,,,,,,,,,,,,,,,,,,,,,,,,,,,,,,,,,,,,,,,,,,125.000000,93.000000,234.000000,176.000000,51.000000,82.000000,113.000000,225.000000,1762742150,976227620
1762742150,985235877,,,,,,,,,,,,,,,,,,,,,,,,,,,,,,,,,,,,,,,,,,,,,,125.000000,93.000000,234.000000,176.000000,51.000000,82.000000,113.000000,225.000000,1762742150,976227620
1762742150,990213955,,,,,,,,,,,,,,,,,,,,,,,,,,,,,,,,,,,,,,,,,,,,,,121.000000,103.000000,236.000000,152.000000,50.000000,91.000000,139.000000,228.000000,1762742150,989347068
1762742150,995289199,,,,,,,,,,,,,,,,,,,,,,,,,,,,,,,,,,,,,,,,,,,,,,121.000000,103.000000,236.000000,152.000000,50.000000,91.000000,139.000000,228.000000,1762742150,989347068
1762742151,588650,,,,,,,,,,,,,,,,,,,,,,,,,,,,,,,,,,,,,,,,,,,,,,121.000000,103.000000,236.000000,152.000000,50.000000,91.000000,139.000000,228.000000,1762742150,998925567
1762742151,5329800,,,,,,,,,,,,,,,,,,,,,,,,,,,,,,,,,,,,,,,,,,,,,,121.000000,103.000000,236.000000,152.000000,50.000000,91.000000,139.000000,228.000000,1762742150,998925567
1762742151,10252982,,,,,,,,,,,,,,,,,,,,,,,,,,,,,,,,,,,,,,,,,,,,,,121.000000,103.000000,236.000000,152.000000,50.000000,91.000000,139.000000,228.000000,1762742150,998925567
1762742151,15198826,,,,,,,,,,,,,,,,,,,,,,,,,,,,,,,,,,,,,,,,,,,,,,117.000000,106.000000,237.000000,144.000000,40.000000,92.000000,165.000000,210.000000,1762742151,10972628
1762742151,20286857,,,,,,,,,,,,,,,,,,,,,,,,,,,,,,,,,,,,,,,,,,,,,,117.000000,106.000000,237.000000,144.000000,40.000000,92.000000,165.000000,210.000000,1762742151,19366886
1762742151,25214962,,,,,,,,,,,,,,,,,,,,,,,,,,,,,,,,,,,,,,,,,,,,,,117.000000,106.000000,237.000000,144.000000,40.000000,92.000000,165.000000,210.000000,1762742151,19366886
1762742151,30827466,,,,,,,,,,,,,,,,,,,,,,,,,,,,,,,,,,,,,,,,,,,,,,112.000000,96.000000,215.000000,130.000000,38.000000,95.000000,171.000000,219.000000,1762742151,28923901
1762742151,35556854,,,,,,,,,,,,,,,,,,,,,,,,,,,,,,,,,,,,,,,,,,,,,,112.000000,96.000000,215.000000,130.000000,38.000000,95.000000,171.000000,219.000000,1762742151,28923901
1762742151,40320114,,,,,,,,,,,,,,,,,,,,,,,,,,,,,,,,,,,,,,,,,,,,,,112.000000,96.000000,215.000000,130.000000,38.000000,95.000000,171.000000,219.000000,1762742151,28923901
1762742151,45188611,,,,,,,,,,,,,,,,,,,,,,,,,,,,,,,,,,,,,,,,,,,,,,120.000000,92.000000,220.000000,140.000000,34.000000,128.000000,221.000000,216.000000,1762742151,44592033
1762742151,50189152,,,,,,,,,,,,,,,,,,,,,,,,,,,,,,,,,,,,,,,,,,,,,,120.000000,92.000000,220.000000,140.000000,34.000000,128.000000,221.000000,216.000000,1762742151,44592033
1762742151,55243849,,,,,,,,,,,,,,,,,,,,,,,,,,,,,,,,,,,,,,,,,,,,,,120.000000,92.000000,220.000000,140.000000,34.000000,128.000000,221.000000,216.000000,1762742151,50686422
1762742151,60306744,,,,,,,,,,,,,,,,,,,,,,,,,,,,,,,,,,,,,,,,,,,,,,120.000000,92.000000,220.000000,140.000000,34.000000,128.000000,221.000000,216.000000,1762742151,59414295
1762742151,65373544,,,,,,,,,,,,,,,,,,,,,,,,,,,,,,,,,,,,,,,,,,,,,,119.000000,91.000000,223.000000,135.000000,36.000000,114.000000,206.000000,236.000000,1762742151,65005072
1762742151,70301532,,,,,,,,,,,,,,,,,,,,,,,,,,,,,,,,,,,,,,,,,,,,,,119.000000,91.000000,223.000000,135.000000,36.000000,114.000000,206.000000,236.000000,1762742151,69611100
1762742151,75395144,,,,,,,,,,,,,,,,,,,,,,,,,,,,,,,,,,,,,,,,,,,,,,119.000000,91.000000,223.000000,135.000000,36.000000,114.000000,206.000000,236.000000,1762742151,69611100
1762742151,80228058,,,,,,,,,,,,,,,,,,,,,,,,,,,,,,,,,,,,,,,,,,,,,,119.000000,91.000000,223.000000,135.000000,36.000000,114.000000,206.000000,236.000000,1762742151,69611100
1762742151,85721060,,,,,,,,,,,,,,,,,,,,,,,,,,,,,,,,,,,,,,,,,,,,,,119.000000,91.000000,223.000000,135.000000,36.000000,114.000000,206.000000,236.000000,1762742151,81100952
1762742151,91624559,,,,,,,,,,,,,,,,,,,,,,,,,,,,,,,,,,,,,,,,,,,,,,122.000000,74.000000,223.000000,138.000000,38.000000,114.000000,196.000000,226.000000,1762742151,90639202
1762742151,95856279,,,,,,,,,,,,,,,,,,,,,,,,,,,,,,,,,,,,,,,,,,,,,,122.000000,74.000000,223.000000,138.000000,38.000000,114.000000,196.000000,226.000000,1762742151,95190222
1762742151,100334372,,,,,,,,,,,,,,,,,,,,,,,,,,,,,,,,,,,,,,,,,,,,,,122.000000,74.000000,223.000000,138.000000,38.000000,114.000000,196.000000,226.000000,1762742151,95190222
1762742151,105375308,,,,,,,,,,,,,,,,,,,,,,,,,,,,,,,,,,,,,,,,,,,,,,121.000000,69.000000,228.000000,133.000000,42.000000,116.000000,179.000000,192.000000,1762742151,105003306
1762742151,110208411,,,,,,,,,,,,,,,,,,,,,,,,,,,,,,,,,,,,,,,,,,,,,,121.000000,69.000000,228.000000,133.000000,42.000000,116.000000,179.000000,192.000000,1762742151,105003306
1762742151,115540693,,,,,,,,,,,,,,,,,,,,,,,,,,,,,,,,,,,,,,,,,,,,,,121.000000,69.000000,228.000000,133.000000,42.000000,116.000000,179.000000,192.000000,1762742151,114835904
1762742151,120380771,,,,,,,,,,,,,,,,,,,,,,,,,,,,,,,,,,,,,,,,,,,,,,121.000000,69.000000,228.000000,133.000000,42.000000,116.000000,179.000000,192.000000,1762742151,114835904
1762742151,125298541,,,,,,,,,,,,,,,,,,,,,,,,,,,,,,,,,,,,,,,,,,,,,,121.000000,69.000000,228.000000,133.000000,42.000000,116.000000,179.000000,192.000000,1762742151,124041128
1762742151,130808944,,,,,,,,,,,,,,,,,,,,,,,,,,,,,,,,,,,,,,,,,,,,,,121.000000,69.000000,228.000000,133.000000,42.000000,116.000000,179.000000,192.000000,1762742151,130247387
1762742151,135490063,,,,,,,,,,,,,,,,,,,,,,,,,,,,,,,,,,,,,,,,,,,,,,121.000000,69.000000,228.000000,133.000000,42.000000,116.000000,179.000000,192.000000,1762742151,130247387
1762742151,140472443,,,,,,,,,,,,,,,,,,,,,,,,,,,,,,,,,,,,,,,,,,,,,,121.000000,69.000000,228.000000,133.000000,42.000000,116.000000,179.000000,192.000000,1762742151,130247387
1762742151,145839733,,,,,,,,,,,,,,,,,,,,,,,,,,,,,,,,,,,,,,,,,,,,,,128.000000,81.000000,257.000000,143.000000,54.000000,116.000000,176.000000,177.000000,1762742151,141896952
1762742151,150558463,,,,,,,,,,,,,,,,,,,,,,,,,,,,,,,,,,,,,,,,,,,,,,128.000000,81.000000,257.000000,143.000000,54.000000,116.000000,176.000000,177.000000,1762742151,147102597
1762742151,155250431,,,,,,,,,,,,,,,,,,,,,,,,,,,,,,,,,,,,,,,,,,,,,,128.000000,81.000000,257.000000,143.000000,54.000000,116.000000,176.000000,177.000000,1762742151,147102597
1762742151,160177237,,,,,,,,,,,,,,,,,,,,,,,,,,,,,,,,,,,,,,,,,,,,,,133.000000,105.000000,259.000000,134.000000,56.000000,77.000000,106.000000,186.000000,1762742151,158374174
1762742151,165236370,,,,,,,,,,,,,,,,,,,,,,,,,,,,,,,,,,,,,,,,,,,,,,133.000000,105.000000,259.000000,134.000000,56.000000,77.000000,106.000000,186.000000,1762742151,158374174
1762742151,170243132,,,,,,,,,,,,,,,,,,,,,,,,,,,,,,,,,,,,,,,,,,,,,,139.000000,104.000000,265.000000,146.000000,60.000000,120.000000,108.000000,131.000000,1762742151,165897694
1762742151,175177417,,,,,,,,,,,,,,,,,,,,,,,,,,,,,,,,,,,,,,,,,,,,,,139.000000,104.000000,265.000000,146.000000,60.000000,120.000000,108.000000,131.000000,1762742151,174092182
1762742151,180174112,,,,,,,,,,,,,,,,,,,,,,,,,,,,,,,,,,,,,,,,,,,,,,139.000000,104.000000,265.000000,146.000000,60.000000,120.000000,108.000000,131.000000,1762742151,179075198
1762742151,185334169,,,,,,,,,,,,,,,,,,,,,,,,,,,,,,,,,,,,,,,,,,,,,,139.000000,104.000000,265.000000,146.000000,60.000000,120.000000,108.000000,131.000000,1762742151,179075198
1762742151,190189808,,,,,,,,,,,,,,,,,,,,,,,,,,,,,,,,,,,,,,,,,,,,,,139.000000,104.000000,265.000000,146.000000,60.000000,120.000000,108.000000,131.000000,1762742151,179075198
1762742151,195198758,,,,,,,,,,,,,,,,,,,,,,,,,,,,,,,,,,,,,,,,,,,,,,139.000000,104.000000,265.000000,146.000000,60.000000,120.000000,108.000000,131.000000,1762742151,190628139
1762742151,200185669,,,,,,,,,,,,,,,,,,,,,,,,,,,,,,,,,,,,,,,,,,,,,,136.000000,105.000000,269.000000,143.000000,59.000000,120.000000,157.000000,148.000000,1762742151,198791437
1762742151,205467388,,,,,,,,,,,,,,,,,,,,,,,,,,,,,,,,,,,,,,,,,,,,,,136.000000,105.000000,269.000000,143.000000,59.000000,120.000000,157.000000,148.000000,1762742151,205100374
1762742151,210244186,,,,,,,,,,,,,,,,,,,,,,,,,,,,,,,,,,,,,,,,,,,,,,136.000000,105.000000,269.000000,143.000000,59.000000,120.000000,157.000000,148.000000,1762742151,205100374
1762742151,215346482,,,,,,,,,,,,,,,,,,,,,,,,,,,,,,,,,,,,,,,,,,,,,,137.000000,103.000000,253.000000,165.000000,55.000000,129.000000,186.000000,146.000000,1762742151,214415614
1762742151,220210671,,,,,,,,,,,,,,,,,,,,,,,,,,,,,,,,,,,,,,,,,,,,,,137.000000,103.000000,253.000000,165.000000,55.000000,129.000000,186.000000,146.000000,1762742151,214415614
1762742151,225277671,,,,,,,,,,,,,,,,,,,,,,,,,,,,,,,,,,,,,,,,,,,,,,137.000000,103.000000,253.000000,165.000000,55.000000,129.000000,186.000000,146.000000,1762742151,224003885
1762742151,230206373,,,,,,,,,,,,,,,,,,,,,,,,,,,,,,,,,,,,,,,,,,,,,,137.000000,103.000000,253.000000,165.000000,55.000000,129.000000,186.000000,146.000000,1762742151,224003885
1762742151,235313060,,,,,,,,,,,,,,,,,,,,,,,,,,,,,,,,,,,,,,,,,,,,,,137.000000,103.000000,253.000000,165.000000,55.000000,129.000000,186.000000,146.000000,1762742151,231753589
1762742151,240217937,,,,,,,,,,,,,,,,,,,,,,,,,,,,,,,,,,,,,,,,,,,,,,99.000000,89.000000,253.000000,160.000000,41.000000,136.000000,198.000000,184.000000,1762742151,235910317
1762742151,245176282,,,,,,,,,,,,,,,,,,,,,,,,,,,,,,,,,,,,,,,,,,,,,,99.000000,89.000000,253.000000,160.000000,41.000000,136.000000,198.000000,184.000000,1762742151,242614851
1762742151,250331639,,,,,,,,,,,,,,,,,,,,,,,,,,,,,,,,,,,,,,,,,,,,,,95.000000,84.000000,281.000000,178.000000,47.000000,145.000000,206.000000,175.000000,1762742151,245562711
1762742151,255328570,,,,,,,,,,,,,,,,,,,,,,,,,,,,,,,,,,,,,,,,,,,,,,95.000000,84.000000,281.000000,178.000000,47.000000,145.000000,206.000000,175.000000,1762742151,254990814
1762742151,260175357,,,,,,,,,,,,,,,,,,,,,,,,,,,,,,,,,,,,,,,,,,,,,,95.000000,84.000000,281.000000,178.000000,47.000000,145.000000,206.000000,175.000000,1762742151,258729959
1762742151,265192070,,,,,,,,,,,,,,,,,,,,,,,,,,,,,,,,,,,,,,,,,,,,,,95.000000,84.000000,281.000000,178.000000,47.000000,145.000000,206.000000,175.000000,1762742151,264036694
1762742151,270175677,,,,,,,,,,,,,,,,,,,,,,,,,,,,,,,,,,,,,,,,,,,,,,86.000000,114.000000,241.000000,171.000000,44.000000,101.000000,197.000000,196.000000,1762742151,268994935
1762742151,275270620,,,,,,,,,,,,,,,,,,,,,,,,,,,,,,,,,,,,,,,,,,,,,,86.000000,114.000000,241.000000,171.000000,44.000000,101.000000,197.000000,196.000000,1762742151,268994935
1762742151,280348768,,,,,,,,,,,,,,,,,,,,,,,,,,,,,,,,,,,,,,,,,,,,,,86.000000,114.000000,241.000000,171.000000,44.000000,101.000000,197.000000,196.000000,1762742151,268994935
1762742151,285200310,,,,,,,,,,,,,,,,,,,,,,,,,,,,,,,,,,,,,,,,,,,,,,86.000000,114.000000,241.000000,171.000000,44.000000,101.000000,197.000000,196.000000,1762742151,283810103
1762742151,290196934,,,,,,,,,,,,,,,,,,,,,,,,,,,,,,,,,,,,,,,,,,,,,,86.000000,114.000000,241.000000,171.000000,44.000000,101.000000,197.000000,196.000000,1762742151,283810103
1762742151,295268077,,,,,,,,,,,,,,,,,,,,,,,,,,,,,,,,,,,,,,,,,,,,,,90.000000,113.000000,241.000000,175.000000,46.000000,93.000000,155.000000,187.000000,1762742151,291800571
1762742151,300285981,,,,,,,,,,,,,,,,,,,,,,,,,,,,,,,,,,,,,,,,,,,,,,90.000000,113.000000,241.000000,175.000000,46.000000,93.000000,155.000000,187.000000,1762742151,291800571
1762742151,305236449,,,,,,,,,,,,,,,,,,,,,,,,,,,,,,,,,,,,,,,,,,,,,,90.000000,113.000000,241.000000,175.000000,46.000000,93.000000,155.000000,187.000000,1762742151,300767538
1762742151,310183034,,,,,,,,,,,,,,,,,,,,,,,,,,,,,,,,,,,,,,,,,,,,,,90.000000,113.000000,241.000000,175.000000,46.000000,93.000000,155.000000,187.000000,1762742151,309259420
1762742151,315247619,,,,,,,,,,,,,,,,,,,,,,,,,,,,,,,,,,,,,,,,,,,,,,90.000000,113.000000,241.000000,175.000000,46.000000,93.000000,155.000000,187.000000,1762742151,309259420
1762742151,320138219,,,,,,,,,,,,,,,,,,,,,,,,,,,,,,,,,,,,,,,,,,,,,,135.000000,121.000000,261.000000,156.000000,47.000000,77.000000,112.000000,188.000000,1762742151,319563152
1762742151,325242959,,,,,,,,,,,,,,,,,,,,,,,,,,,,,,,,,,,,,,,,,,,,,,135.000000,121.000000,261.000000,156.000000,47.000000,77.000000,112.000000,188.000000,1762742151,319563152
1762742151,330167771,,,,,,,,,,,,,,,,,,,,,,,,,,,,,,,,,,,,,,,,,,,,,,134.000000,132.000000,225.000000,154.000000,55.000000,60.000000,87.000000,160.000000,1762742151,328461864
1762742151,335521251,,,,,,,,,,,,,,,,,,,,,,,,,,,,,,,,,,,,,,,,,,,,,,134.000000,132.000000,225.000000,154.000000,55.000000,60.000000,87.000000,160.000000,1762742151,334877784
1762742151,341792937,,,,,,,,,,,,,,,,,,,,,,,,,,,,,,,,,,,,,,,,,,,,,,134.000000,132.000000,225.000000,154.000000,55.000000,60.000000,87.000000,160.000000,1762742151,340082459
1762742151,345246124,,,,,,,,,,,,,,,,,,,,,,,,,,,,,,,,,,,,,,,,,,,,,,134.000000,132.000000,225.000000,154.000000,55.000000,60.000000,87.000000,160.000000,1762742151,344668056
1762742151,350267137,,,,,,,,,,,,,,,,,,,,,,,,,,,,,,,,,,,,,,,,,,,,,,134.000000,132.000000,225.000000,154.000000,55.000000,60.000000,87.000000,160.000000,1762742151,348633269
1762742151,355197657,,,,,,,,,,,,,,,,,,,,,,,,,,,,,,,,,,,,,,,,,,,,,,134.000000,132.000000,225.000000,154.000000,55.000000,60.000000,87.000000,160.000000,1762742151,348633269
1762742151,360225742,,,,,,,,,,,,,,,,,,,,,,,,,,,,,,,,,,,,,,,,,,,,,,134.000000,132.000000,225.000000,154.000000,55.000000,60.000000,87.000000,160.000000,1762742151,348633269
1762742151,365184301,,,,,,,,,,,,,,,,,,,,,,,,,,,,,,,,,,,,,,,,,,,,,,146.000000,170.000000,208.000000,143.000000,47.000000,33.000000,55.000000,142.000000,1762742151,364195083
1762742151,370298215,,,,,,,,,,,,,,,,,,,,,,,,,,,,,,,,,,,,,,,,,,,,,,146.000000,170.000000,208.000000,143.000000,47.000000,33.000000,55.000000,142.000000,1762742151,364195083
1762742151,375184442,,,,,,,,,,,,,,,,,,,,,,,,,,,,,,,,,,,,,,,,,,,,,,146.000000,170.000000,208.000000,143.000000,47.000000,33.000000,55.000000,142.000000,1762742151,374214529
1762742151,380487056,,,,,,,,,,,,,,,,,,,,,,,,,,,,,,,,,,,,,,,,,,,,,,146.000000,170.000000,208.000000,143.000000,47.000000,33.000000,55.000000,142.000000,1762742151,380085723
1762742151,385237302,,,,,,,,,,,,,,,,,,,,,,,,,,,,,,,,,,,,,,,,,,,,,,146.000000,170.000000,208.000000,143.000000,47.000000,33.000000,55.000000,142.000000,1762742151,380085723
1762742151,390333634,,,,,,,,,,,,,,,,,,,,,,,,,,,,,,,,,,,,,,,,,,,,,,146.000000,170.000000,208.000000,143.000000,47.000000,33.000000,55.000000,142.000000,1762742151,380085723
1762742151,396345310,,,,,,,,,,,,,,,,,,,,,,,,,,,,,,,,,,,,,,,,,,,,,,149.000000,181.000000,232.000000,169.000000,49.000000,32.000000,46.000000,143.000000,1762742151,395554650
1762742151,400774821,,,,,,,,,,,,,,,,,,,,,,,,,,,,,,,,,,,,,,,,,,,,,,149.000000,181.000000,232.000000,169.000000,49.000000,32.000000,46.000000,143.000000,1762742151,399591219
1762742151,405445234,,,,,,,,,,,,,,,,,,,,,,,,,,,,,,,,,,,,,,,,,,,,,,149.000000,181.000000,232.000000,169.000000,49.000000,32.000000,46.000000,143.000000,1762742151,399591219
1762742151,410296536,,,,,,,,,,,,,,,,,,,,,,,,,,,,,,,,,,,,,,,,,,,,,,149.000000,181.000000,232.000000,169.000000,49.000000,32.000000,46.000000,143.000000,1762742151,399591219
1762742151,415212540,,,,,,,,,,,,,,,,,,,,,,,,,,,,,,,,,,,,,,,,,,,,,,110.000000,201.000000,221.000000,180.000000,48.000000,37.000000,53.000000,142.000000,1762742151,413953595
1762742151,420229729,,,,,,,,,,,,,,,,,,,,,,,,,,,,,,,,,,,,,,,,,,,,,,110.000000,201.000000,221.000000,180.000000,48.000000,37.000000,53.000000,142.000000,1762742151,413953595
1762742151,425432702,,,,,,,,,,,,,,,,,,,,,,,,,,,,,,,,,,,,,,,,,,,,,,110.000000,201.000000,221.000000,180.000000,48.000000,37.000000,53.000000,142.000000,1762742151,421018822
1762742151,430431937,,,,,,,,,,,,,,,,,,,,,,,,,,,,,,,,,,,,,,,,,,,,,,110.000000,201.000000,221.000000,180.000000,48.000000,37.000000,53.000000,142.000000,1762742151,421018822
1762742151,435284837,,,,,,,,,,,,,,,,,,,,,,,,,,,,,,,,,,,,,,,,,,,,,,118.000000,201.000000,260.000000,183.000000,37.000000,50.000000,49.000000,177.000000,1762742151,434344920
1762742151,440196866,,,,,,,,,,,,,,,,,,,,,,,,,,,,,,,,,,,,,,,,,,,,,,118.000000,201.000000,260.000000,183.000000,37.000000,50.000000,49.000000,177.000000,1762742151,439136491
1762742151,445342297,,,,,,,,,,,,,,,,,,,,,,,,,,,,,,,,,,,,,,,,,,,,,,118.000000,201.000000,260.000000,183.000000,37.000000,50.000000,49.000000,177.000000,1762742151,444696983
1762742151,450216760,,,,,,,,,,,,,,,,,,,,,,,,,,,,,,,,,,,,,,,,,,,,,,104.000000,173.000000,237.000000,167.000000,35.000000,85.000000,52.000000,156.000000,1762742151,448719176
